Descriptor,Distance,Query,GT IDs,Top 1 ID,Top 5 IDs,AP@1,AP@5
M1 Grayscale,euclidean,00000.jpg,[120],120,"[120, 201, 250, 245, 229]",1.0,1.0
M1 Grayscale,euclidean,00001.jpg,[170],109,"[109, 202, 74, 172, 124]",0.0,0.0
M1 Grayscale,euclidean,00002.jpg,[277],104,"[104, 70, 112, 79, 94]",0.0,0.0
M1 Grayscale,euclidean,00003.jpg,[227],227,"[227, 31, 69, 72, 131]",1.0,1.0
M1 Grayscale,euclidean,00004.jpg,[251],4,"[4, 51, 215, 274, 253]",0.0,0.0
M1 Grayscale,euclidean,00005.jpg,[274],246,"[246, 92, 30, 155, 128]",0.0,0.0
M1 Grayscale,euclidean,00006.jpg,[285],50,"[50, 285, 266, 17, 89]",0.0,0.5
M1 Grayscale,euclidean,00007.jpg,[258],258,"[258, 176, 19, 14, 193]",1.0,1.0
M1 Grayscale,euclidean,00008.jpg,[117],117,"[117, 0, 261, 152, 275]",1.0,1.0
M1 Grayscale,euclidean,00009.jpg,[203],63,"[63, 103, 144, 64, 46]",0.0,0.0
M1 Grayscale,euclidean,00010.jpg,[192],136,"[136, 31, 169, 57, 131]",0.0,0.0
M1 Grayscale,euclidean,00011.jpg,[22],274,"[274, 51, 145, 11, 22]",0.0,0.2
M1 Grayscale,euclidean,00012.jpg,[113],131,"[131, 242, 57, 31, 218]",0.0,0.0
M1 Grayscale,euclidean,00013.jpg,[101],232,"[232, 266, 191, 60, 95]",0.0,0.0
M1 Grayscale,euclidean,00014.jpg,[174],8,"[8, 30, 46, 57, 144]",0.0,0.0
M1 Grayscale,euclidean,00015.jpg,[155],103,"[103, 46, 63, 196, 187]",0.0,0.0
M1 Grayscale,euclidean,00016.jpg,[270],36,"[36, 77, 186, 118, 44]",0.0,0.0
M1 Grayscale,euclidean,00017.jpg,[47],36,"[36, 77, 44, 118, 186]",0.0,0.0
M1 Grayscale,euclidean,00018.jpg,[286],32,"[32, 8, 144, 46, 103]",0.0,0.0
M1 Grayscale,euclidean,00019.jpg,[215],174,"[174, 145, 239, 241, 39]",0.0,0.0
M1 Grayscale,euclidean,00020.jpg,[262],282,"[282, 142, 241, 262, 39]",0.0,0.25
M1 Grayscale,euclidean,00021.jpg,[245],87,"[87, 166, 54, 274, 253]",0.0,0.0
M1 Grayscale,euclidean,00022.jpg,[257],257,"[257, 214, 279, 286, 193]",1.0,1.0
M1 Grayscale,euclidean,00023.jpg,[182],209,"[209, 114, 18, 278, 212]",0.0,0.0
M1 Grayscale,euclidean,00024.jpg,[262],282,"[282, 170, 129, 172, 247]",0.0,0.0
M1 Grayscale,euclidean,00025.jpg,[38],211,"[211, 43, 59, 7, 244]",0.0,0.0
M1 Grayscale,euclidean,00026.jpg,[238],71,"[71, 121, 139, 230, 9]",0.0,0.0
M1 Grayscale,euclidean,00027.jpg,[67],234,"[234, 67, 206, 278, 18]",0.0,0.5
M1 Grayscale,euclidean,00028.jpg,[86],86,"[86, 27, 76, 276, 140]",1.0,1.0
M1 Grayscale,euclidean,00029.jpg,[133],133,"[133, 173, 123, 231, 259]",1.0,1.0
M1 Grayscale,L1,00000.jpg,[120],120,"[120, 201, 229, 245, 7]",1.0,1.0
M1 Grayscale,L1,00001.jpg,[170],109,"[109, 202, 74, 247, 172]",0.0,0.0
M1 Grayscale,L1,00002.jpg,[277],112,"[112, 79, 70, 104, 245]",0.0,0.0
M1 Grayscale,L1,00003.jpg,[227],227,"[227, 31, 69, 213, 72]",1.0,1.0
M1 Grayscale,L1,00004.jpg,[251],4,"[4, 51, 215, 79, 274]",0.0,0.0
M1 Grayscale,L1,00005.jpg,[274],92,"[92, 246, 30, 128, 216]",0.0,0.0
M1 Grayscale,L1,00006.jpg,[285],285,"[285, 50, 266, 17, 180]",1.0,1.0
M1 Grayscale,L1,00007.jpg,[258],258,"[258, 19, 176, 14, 193]",1.0,1.0
M1 Grayscale,L1,00008.jpg,[117],117,"[117, 0, 261, 28, 10]",1.0,1.0
M1 Grayscale,L1,00009.jpg,[203],63,"[63, 103, 8, 233, 196]",0.0,0.0
M1 Grayscale,L1,00010.jpg,[192],136,"[136, 31, 57, 131, 88]",0.0,0.0
M1 Grayscale,L1,00011.jpg,[22],11,"[11, 22, 145, 274, 51]",0.0,0.5
M1 Grayscale,L1,00012.jpg,[113],31,"[31, 131, 88, 242, 57]",0.0,0.0
M1 Grayscale,L1,00013.jpg,[101],220,"[220, 143, 60, 232, 266]",0.0,0.0
M1 Grayscale,L1,00014.jpg,[174],8,"[8, 30, 246, 46, 221]",0.0,0.0
M1 Grayscale,L1,00015.jpg,[155],103,"[103, 196, 46, 32, 63]",0.0,0.0
M1 Grayscale,L1,00016.jpg,[270],36,"[36, 186, 77, 189, 56]",0.0,0.0
M1 Grayscale,L1,00017.jpg,[47],189,"[189, 36, 44, 186, 77]",0.0,0.0
M1 Grayscale,L1,00018.jpg,[286],196,"[196, 32, 103, 8, 46]",0.0,0.0
M1 Grayscale,L1,00019.jpg,[215],174,"[174, 145, 239, 11, 241]",0.0,0.0
M1 Grayscale,L1,00020.jpg,[262],172,"[172, 241, 282, 142, 39]",0.0,0.0
M1 Grayscale,L1,00021.jpg,[245],87,"[87, 269, 166, 6, 274]",0.0,0.0
M1 Grayscale,L1,00022.jpg,[257],257,"[257, 214, 279, 286, 193]",1.0,1.0
M1 Grayscale,L1,00023.jpg,[182],209,"[209, 18, 114, 278, 212]",0.0,0.0
M1 Grayscale,L1,00024.jpg,[262],282,"[282, 172, 247, 129, 170]",0.0,0.0
M1 Grayscale,L1,00025.jpg,[38],229,"[229, 7, 59, 43, 134]",0.0,0.0
M1 Grayscale,L1,00026.jpg,[238],121,"[121, 139, 71, 230, 9]",0.0,0.0
M1 Grayscale,L1,00027.jpg,[67],67,"[67, 234, 206, 18, 0]",1.0,1.0
M1 Grayscale,L1,00028.jpg,[86],86,"[86, 27, 276, 244, 140]",1.0,1.0
M1 Grayscale,L1,00029.jpg,[133],133,"[133, 173, 123, 259, 231]",1.0,1.0
M1 Grayscale,chi2,00000.jpg,[120],201,"[201, 120, 229, 48, 7]",0.0,0.5
M1 Grayscale,chi2,00001.jpg,[170],109,"[109, 202, 281, 46, 247]",0.0,0.0
M1 Grayscale,chi2,00002.jpg,[277],104,"[104, 79, 112, 245, 145]",0.0,0.0
M1 Grayscale,chi2,00003.jpg,[227],227,"[227, 31, 131, 69, 136]",1.0,1.0
M1 Grayscale,chi2,00004.jpg,[251],51,"[51, 215, 274, 4, 145]",0.0,0.0
M1 Grayscale,chi2,00005.jpg,[274],246,"[246, 30, 92, 128, 216]",0.0,0.0
M1 Grayscale,chi2,00006.jpg,[285],285,"[285, 50, 266, 180, 37]",1.0,1.0
M1 Grayscale,chi2,00007.jpg,[258],258,"[258, 176, 19, 14, 193]",1.0,1.0
M1 Grayscale,chi2,00008.jpg,[117],117,"[117, 0, 261, 73, 28]",1.0,1.0
M1 Grayscale,chi2,00009.jpg,[203],103,"[103, 233, 162, 64, 144]",0.0,0.0
M1 Grayscale,chi2,00010.jpg,[192],136,"[136, 31, 88, 57, 169]",0.0,0.0
M1 Grayscale,chi2,00011.jpg,[22],11,"[11, 145, 22, 51, 274]",0.0,0.3333333333333333
M1 Grayscale,chi2,00012.jpg,[113],131,"[131, 57, 31, 88, 242]",0.0,0.0
M1 Grayscale,chi2,00013.jpg,[101],143,"[143, 89, 60, 266, 220]",0.0,0.0
M1 Grayscale,chi2,00014.jpg,[174],30,"[30, 246, 8, 46, 57]",0.0,0.0
M1 Grayscale,chi2,00015.jpg,[155],103,"[103, 32, 64, 84, 233]",0.0,0.0
M1 Grayscale,chi2,00016.jpg,[270],36,"[36, 77, 186, 56, 189]",0.0,0.0
M1 Grayscale,chi2,00017.jpg,[47],189,"[189, 36, 44, 147, 186]",0.0,0.0
M1 Grayscale,chi2,00018.jpg,[286],103,"[103, 32, 46, 8, 136]",0.0,0.0
M1 Grayscale,chi2,00019.jpg,[215],174,"[174, 145, 239, 39, 241]",0.0,0.0
M1 Grayscale,chi2,00020.jpg,[262],282,"[282, 172, 142, 241, 39]",0.0,0.0
M1 Grayscale,chi2,00021.jpg,[245],87,"[87, 11, 142, 269, 174]",0.0,0.0
M1 Grayscale,chi2,00022.jpg,[257],257,"[257, 214, 279, 286, 193]",1.0,1.0
M1 Grayscale,chi2,00023.jpg,[182],209,"[209, 278, 18, 212, 114]",0.0,0.0
M1 Grayscale,chi2,00024.jpg,[262],282,"[282, 172, 247, 241, 170]",0.0,0.0
M1 Grayscale,chi2,00025.jpg,[38],229,"[229, 43, 59, 7, 245]",0.0,0.0
M1 Grayscale,chi2,00026.jpg,[238],121,"[121, 139, 71, 230, 110]",0.0,0.0
M1 Grayscale,chi2,00027.jpg,[67],67,"[67, 206, 234, 0, 18]",1.0,1.0
M1 Grayscale,chi2,00028.jpg,[86],86,"[86, 27, 276, 154, 76]",1.0,1.0
M1 Grayscale,chi2,00029.jpg,[133],133,"[133, 259, 123, 218, 33]",1.0,1.0
M1 Grayscale,intersection,00000.jpg,[120],120,"[120, 201, 229, 245, 7]",1.0,1.0
M1 Grayscale,intersection,00001.jpg,[170],109,"[109, 202, 74, 247, 172]",0.0,0.0
M1 Grayscale,intersection,00002.jpg,[277],112,"[112, 79, 70, 104, 245]",0.0,0.0
M1 Grayscale,intersection,00003.jpg,[227],227,"[227, 31, 69, 213, 72]",1.0,1.0
M1 Grayscale,intersection,00004.jpg,[251],4,"[4, 51, 215, 79, 274]",0.0,0.0
M1 Grayscale,intersection,00005.jpg,[274],92,"[92, 246, 30, 128, 216]",0.0,0.0
M1 Grayscale,intersection,00006.jpg,[285],285,"[285, 50, 266, 17, 180]",1.0,1.0
M1 Grayscale,intersection,00007.jpg,[258],258,"[258, 19, 176, 14, 193]",1.0,1.0
M1 Grayscale,intersection,00008.jpg,[117],117,"[117, 0, 261, 28, 10]",1.0,1.0
M1 Grayscale,intersection,00009.jpg,[203],63,"[63, 103, 8, 233, 196]",0.0,0.0
M1 Grayscale,intersection,00010.jpg,[192],136,"[136, 31, 57, 131, 88]",0.0,0.0
M1 Grayscale,intersection,00011.jpg,[22],11,"[11, 22, 145, 274, 51]",0.0,0.5
M1 Grayscale,intersection,00012.jpg,[113],31,"[31, 131, 88, 242, 57]",0.0,0.0
M1 Grayscale,intersection,00013.jpg,[101],220,"[220, 143, 60, 232, 266]",0.0,0.0
M1 Grayscale,intersection,00014.jpg,[174],8,"[8, 30, 246, 46, 221]",0.0,0.0
M1 Grayscale,intersection,00015.jpg,[155],103,"[103, 196, 46, 32, 63]",0.0,0.0
M1 Grayscale,intersection,00016.jpg,[270],36,"[36, 186, 77, 189, 56]",0.0,0.0
M1 Grayscale,intersection,00017.jpg,[47],189,"[189, 36, 44, 186, 77]",0.0,0.0
M1 Grayscale,intersection,00018.jpg,[286],196,"[196, 32, 103, 8, 46]",0.0,0.0
M1 Grayscale,intersection,00019.jpg,[215],174,"[174, 145, 239, 11, 241]",0.0,0.0
M1 Grayscale,intersection,00020.jpg,[262],172,"[172, 241, 282, 142, 39]",0.0,0.0
M1 Grayscale,intersection,00021.jpg,[245],87,"[87, 269, 166, 6, 274]",0.0,0.0
M1 Grayscale,intersection,00022.jpg,[257],257,"[257, 214, 279, 286, 193]",1.0,1.0
M1 Grayscale,intersection,00023.jpg,[182],209,"[209, 18, 114, 278, 212]",0.0,0.0
M1 Grayscale,intersection,00024.jpg,[262],282,"[282, 172, 247, 129, 170]",0.0,0.0
M1 Grayscale,intersection,00025.jpg,[38],229,"[229, 7, 59, 43, 134]",0.0,0.0
M1 Grayscale,intersection,00026.jpg,[238],121,"[121, 139, 71, 230, 9]",0.0,0.0
M1 Grayscale,intersection,00027.jpg,[67],67,"[67, 234, 206, 18, 0]",1.0,1.0
M1 Grayscale,intersection,00028.jpg,[86],86,"[86, 27, 276, 244, 140]",1.0,1.0
M1 Grayscale,intersection,00029.jpg,[133],133,"[133, 173, 123, 259, 231]",1.0,1.0
M1 Grayscale,hellinger,00000.jpg,[120],201,"[201, 120, 229, 48, 70]",0.0,0.5
M1 Grayscale,hellinger,00001.jpg,[170],109,"[109, 202, 46, 281, 167]",0.0,0.0
M1 Grayscale,hellinger,00002.jpg,[277],104,"[104, 79, 145, 112, 245]",0.0,0.0
M1 Grayscale,hellinger,00003.jpg,[227],227,"[227, 31, 131, 69, 130]",1.0,1.0
M1 Grayscale,hellinger,00004.jpg,[251],51,"[51, 274, 215, 145, 4]",0.0,0.0
M1 Grayscale,hellinger,00005.jpg,[274],246,"[246, 30, 92, 128, 238]",0.0,0.0
M1 Grayscale,hellinger,00006.jpg,[285],50,"[50, 285, 180, 37, 266]",0.0,0.5
M1 Grayscale,hellinger,00007.jpg,[258],258,"[258, 176, 19, 212, 14]",1.0,1.0
M1 Grayscale,hellinger,00008.jpg,[117],117,"[117, 0, 261, 73, 190]",1.0,1.0
M1 Grayscale,hellinger,00009.jpg,[203],233,"[233, 162, 32, 64, 103]",0.0,0.0
M1 Grayscale,hellinger,00010.jpg,[192],136,"[136, 31, 88, 46, 57]",0.0,0.0
M1 Grayscale,hellinger,00011.jpg,[22],11,"[11, 145, 22, 51, 215]",0.0,0.3333333333333333
M1 Grayscale,hellinger,00012.jpg,[113],57,"[57, 31, 131, 88, 259]",0.0,0.0
M1 Grayscale,hellinger,00013.jpg,[101],143,"[143, 89, 266, 60, 220]",0.0,0.0
M1 Grayscale,hellinger,00014.jpg,[174],30,"[30, 246, 8, 46, 57]",0.0,0.0
M1 Grayscale,hellinger,00015.jpg,[155],103,"[103, 32, 64, 84, 27]",0.0,0.0
M1 Grayscale,hellinger,00016.jpg,[270],36,"[36, 77, 186, 56, 189]",0.0,0.0
M1 Grayscale,hellinger,00017.jpg,[47],189,"[189, 36, 147, 278, 186]",0.0,0.0
M1 Grayscale,hellinger,00018.jpg,[286],46,"[46, 32, 136, 103, 155]",0.0,0.0
M1 Grayscale,hellinger,00019.jpg,[215],174,"[174, 239, 145, 39, 241]",0.0,0.0
M1 Grayscale,hellinger,00020.jpg,[262],282,"[282, 172, 142, 241, 39]",0.0,0.0
M1 Grayscale,hellinger,00021.jpg,[245],87,"[87, 11, 142, 174, 145]",0.0,0.0
M1 Grayscale,hellinger,00022.jpg,[257],257,"[257, 214, 279, 286, 193]",1.0,1.0
M1 Grayscale,hellinger,00023.jpg,[182],209,"[209, 278, 18, 212, 108]",0.0,0.0
M1 Grayscale,hellinger,00024.jpg,[262],282,"[282, 172, 247, 241, 170]",0.0,0.0
M1 Grayscale,hellinger,00025.jpg,[38],229,"[229, 43, 59, 245, 7]",0.0,0.0
M1 Grayscale,hellinger,00026.jpg,[238],121,"[121, 139, 230, 71, 110]",0.0,0.0
M1 Grayscale,hellinger,00027.jpg,[67],67,"[67, 206, 234, 0, 18]",1.0,1.0
M1 Grayscale,hellinger,00028.jpg,[86],86,"[86, 27, 156, 154, 276]",1.0,1.0
M1 Grayscale,hellinger,00029.jpg,[133],133,"[133, 259, 218, 123, 153]",1.0,1.0
M1 Grayscale,cosine,00000.jpg,[120],201,"[201, 120, 250, 229, 245]",0.0,0.5
M1 Grayscale,cosine,00001.jpg,[170],109,"[109, 202, 74, 124, 172]",0.0,0.0
M1 Grayscale,cosine,00002.jpg,[277],201,"[201, 104, 112, 70, 245]",0.0,0.0
M1 Grayscale,cosine,00003.jpg,[227],227,"[227, 31, 69, 72, 131]",1.0,1.0
M1 Grayscale,cosine,00004.jpg,[251],4,"[4, 51, 215, 253, 274]",0.0,0.0
M1 Grayscale,cosine,00005.jpg,[274],246,"[246, 92, 155, 30, 128]",0.0,0.0
M1 Grayscale,cosine,00006.jpg,[285],50,"[50, 285, 266, 17, 89]",0.0,0.5
M1 Grayscale,cosine,00007.jpg,[258],258,"[258, 19, 176, 14, 193]",1.0,1.0
M1 Grayscale,cosine,00008.jpg,[117],117,"[117, 0, 83, 261, 152]",1.0,1.0
M1 Grayscale,cosine,00009.jpg,[203],63,"[63, 103, 8, 144, 46]",0.0,0.0
M1 Grayscale,cosine,00010.jpg,[192],136,"[136, 31, 57, 169, 131]",0.0,0.0
M1 Grayscale,cosine,00011.jpg,[22],274,"[274, 51, 145, 22, 253]",0.0,0.25
M1 Grayscale,cosine,00012.jpg,[113],242,"[242, 131, 57, 31, 218]",0.0,0.0
M1 Grayscale,cosine,00013.jpg,[101],232,"[232, 266, 191, 60, 95]",0.0,0.0
M1 Grayscale,cosine,00014.jpg,[174],8,"[8, 30, 46, 88, 57]",0.0,0.0
M1 Grayscale,cosine,00015.jpg,[155],103,"[103, 46, 63, 32, 196]",0.0,0.0
M1 Grayscale,cosine,00016.jpg,[270],36,"[36, 77, 186, 118, 44]",0.0,0.0
M1 Grayscale,cosine,00017.jpg,[47],36,"[36, 77, 44, 118, 186]",0.0,0.0
M1 Grayscale,cosine,00018.jpg,[286],8,"[8, 32, 144, 103, 46]",0.0,0.0
M1 Grayscale,cosine,00019.jpg,[215],174,"[174, 145, 239, 241, 39]",0.0,0.0
M1 Grayscale,cosine,00020.jpg,[262],282,"[282, 142, 129, 241, 262]",0.0,0.2
M1 Grayscale,cosine,00021.jpg,[245],87,"[87, 166, 54, 274, 6]",0.0,0.0
M1 Grayscale,cosine,00022.jpg,[257],257,"[257, 214, 279, 286, 193]",1.0,1.0
M1 Grayscale,cosine,00023.jpg,[182],209,"[209, 114, 18, 278, 212]",0.0,0.0
M1 Grayscale,cosine,00024.jpg,[262],282,"[282, 129, 170, 172, 247]",0.0,0.0
M1 Grayscale,cosine,00025.jpg,[38],229,"[229, 211, 43, 59, 7]",0.0,0.0
M1 Grayscale,cosine,00026.jpg,[238],71,"[71, 139, 230, 121, 9]",0.0,0.0
M1 Grayscale,cosine,00027.jpg,[67],67,"[67, 234, 206, 18, 278]",1.0,1.0
M1 Grayscale,cosine,00028.jpg,[86],86,"[86, 27, 76, 233, 276]",1.0,1.0
M1 Grayscale,cosine,00029.jpg,[133],133,"[133, 231, 173, 110, 123]",1.0,1.0
M1 Grayscale,correlation,00000.jpg,[120],201,"[201, 120, 229, 7, 250]",0.0,0.5
M1 Grayscale,correlation,00001.jpg,[170],109,"[109, 202, 74, 124, 167]",0.0,0.0
M1 Grayscale,correlation,00002.jpg,[277],120,"[120, 201, 245, 112, 104]",0.0,0.0
M1 Grayscale,correlation,00003.jpg,[227],227,"[227, 31, 80, 69, 157]",1.0,1.0
M1 Grayscale,correlation,00004.jpg,[251],4,"[4, 51, 215, 253, 19]",0.0,0.0
M1 Grayscale,correlation,00005.jpg,[274],155,"[155, 246, 92, 32, 30]",0.0,0.0
M1 Grayscale,correlation,00006.jpg,[285],50,"[50, 285, 266, 17, 89]",0.0,0.5
M1 Grayscale,correlation,00007.jpg,[258],258,"[258, 19, 176, 164, 193]",1.0,1.0
M1 Grayscale,correlation,00008.jpg,[117],117,"[117, 0, 83, 261, 73]",1.0,1.0
M1 Grayscale,correlation,00009.jpg,[203],103,"[103, 63, 8, 144, 64]",0.0,0.0
M1 Grayscale,correlation,00010.jpg,[192],136,"[136, 31, 69, 57, 169]",0.0,0.0
M1 Grayscale,correlation,00011.jpg,[22],253,"[253, 51, 274, 145, 22]",0.0,0.2
M1 Grayscale,correlation,00012.jpg,[113],242,"[242, 131, 57, 31, 218]",0.0,0.0
M1 Grayscale,correlation,00013.jpg,[101],232,"[232, 141, 270, 222, 252]",0.0,0.0
M1 Grayscale,correlation,00014.jpg,[174],8,"[8, 30, 88, 46, 32]",0.0,0.0
M1 Grayscale,correlation,00015.jpg,[155],103,"[103, 46, 32, 8, 63]",0.0,0.0
M1 Grayscale,correlation,00016.jpg,[270],36,"[36, 77, 186, 118, 44]",0.0,0.0
M1 Grayscale,correlation,00017.jpg,[47],36,"[36, 77, 44, 118, 147]",0.0,0.0
M1 Grayscale,correlation,00018.jpg,[286],8,"[8, 103, 32, 144, 46]",0.0,0.0
M1 Grayscale,correlation,00019.jpg,[215],174,"[174, 145, 239, 11, 241]",0.0,0.0
M1 Grayscale,correlation,00020.jpg,[262],282,"[282, 129, 142, 172, 241]",0.0,0.0
M1 Grayscale,correlation,00021.jpg,[245],166,"[166, 87, 54, 6, 274]",0.0,0.0
M1 Grayscale,correlation,00022.jpg,[257],257,"[257, 214, 109, 279, 286]",1.0,1.0
M1 Grayscale,correlation,00023.jpg,[182],209,"[209, 114, 278, 18, 36]",0.0,0.0
M1 Grayscale,correlation,00024.jpg,[262],282,"[282, 129, 172, 170, 86]",0.0,0.0
M1 Grayscale,correlation,00025.jpg,[38],229,"[229, 245, 7, 211, 43]",0.0,0.0
M1 Grayscale,correlation,00026.jpg,[238],71,"[71, 139, 230, 121, 9]",0.0,0.0
M1 Grayscale,correlation,00027.jpg,[67],67,"[67, 234, 18, 206, 278]",1.0,1.0
M1 Grayscale,correlation,00028.jpg,[86],86,"[86, 27, 233, 76, 88]",1.0,1.0
M1 Grayscale,correlation,00029.jpg,[133],133,"[133, 110, 231, 173, 123]",1.0,1.0
M1 Grayscale,jensen_shannon,00000.jpg,[120],201,"[201, 120, 229, 48, 70]",0.0,0.5
M1 Grayscale,jensen_shannon,00001.jpg,[170],109,"[109, 202, 281, 46, 167]",0.0,0.0
M1 Grayscale,jensen_shannon,00002.jpg,[277],104,"[104, 79, 112, 145, 245]",0.0,0.0
M1 Grayscale,jensen_shannon,00003.jpg,[227],227,"[227, 31, 131, 69, 136]",1.0,1.0
M1 Grayscale,jensen_shannon,00004.jpg,[251],51,"[51, 274, 215, 145, 4]",0.0,0.0
M1 Grayscale,jensen_shannon,00005.jpg,[274],246,"[246, 30, 92, 128, 216]",0.0,0.0
M1 Grayscale,jensen_shannon,00006.jpg,[285],285,"[285, 50, 180, 37, 266]",1.0,1.0
M1 Grayscale,jensen_shannon,00007.jpg,[258],258,"[258, 176, 19, 14, 193]",1.0,1.0
M1 Grayscale,jensen_shannon,00008.jpg,[117],117,"[117, 0, 261, 73, 28]",1.0,1.0
M1 Grayscale,jensen_shannon,00009.jpg,[203],233,"[233, 103, 162, 64, 32]",0.0,0.0
M1 Grayscale,jensen_shannon,00010.jpg,[192],136,"[136, 31, 88, 57, 169]",0.0,0.0
M1 Grayscale,jensen_shannon,00011.jpg,[22],11,"[11, 145, 22, 51, 274]",0.0,0.3333333333333333
M1 Grayscale,jensen_shannon,00012.jpg,[113],57,"[57, 131, 31, 88, 259]",0.0,0.0
M1 Grayscale,jensen_shannon,00013.jpg,[101],143,"[143, 89, 60, 266, 220]",0.0,0.0
M1 Grayscale,jensen_shannon,00014.jpg,[174],30,"[30, 246, 8, 46, 57]",0.0,0.0
M1 Grayscale,jensen_shannon,00015.jpg,[155],103,"[103, 32, 64, 84, 27]",0.0,0.0
M1 Grayscale,jensen_shannon,00016.jpg,[270],36,"[36, 77, 186, 56, 189]",0.0,0.0
M1 Grayscale,jensen_shannon,00017.jpg,[47],189,"[189, 36, 147, 186, 278]",0.0,0.0
M1 Grayscale,jensen_shannon,00018.jpg,[286],46,"[46, 32, 103, 136, 144]",0.0,0.0
M1 Grayscale,jensen_shannon,00019.jpg,[215],174,"[174, 239, 145, 39, 241]",0.0,0.0
M1 Grayscale,jensen_shannon,00020.jpg,[262],282,"[282, 172, 142, 241, 39]",0.0,0.0
M1 Grayscale,jensen_shannon,00021.jpg,[245],87,"[87, 11, 142, 174, 145]",0.0,0.0
M1 Grayscale,jensen_shannon,00022.jpg,[257],257,"[257, 214, 279, 286, 193]",1.0,1.0
M1 Grayscale,jensen_shannon,00023.jpg,[182],209,"[209, 278, 18, 212, 108]",0.0,0.0
M1 Grayscale,jensen_shannon,00024.jpg,[262],282,"[282, 172, 247, 241, 170]",0.0,0.0
M1 Grayscale,jensen_shannon,00025.jpg,[38],229,"[229, 43, 59, 7, 245]",0.0,0.0
M1 Grayscale,jensen_shannon,00026.jpg,[238],121,"[121, 139, 71, 230, 110]",0.0,0.0
M1 Grayscale,jensen_shannon,00027.jpg,[67],67,"[67, 206, 234, 0, 18]",1.0,1.0
M1 Grayscale,jensen_shannon,00028.jpg,[86],86,"[86, 27, 154, 276, 156]",1.0,1.0
M1 Grayscale,jensen_shannon,00029.jpg,[133],133,"[133, 259, 123, 218, 153]",1.0,1.0
M1 Grayscale,emd,00000.jpg,[120],120,"[120, 201, 48, 177, 250]",1.0,1.0
M1 Grayscale,emd,00001.jpg,[170],74,"[74, 281, 109, 46, 202]",0.0,0.0
M1 Grayscale,emd,00002.jpg,[277],79,"[79, 208, 195, 243, 163]",0.0,0.0
M1 Grayscale,emd,00003.jpg,[227],131,"[131, 31, 227, 136, 218]",0.0,0.3333333333333333
M1 Grayscale,emd,00004.jpg,[251],274,"[274, 51, 269, 215, 66]",0.0,0.0
M1 Grayscale,emd,00005.jpg,[274],30,"[30, 246, 128, 92, 238]",0.0,0.0
M1 Grayscale,emd,00006.jpg,[285],285,"[285, 50, 264, 59, 17]",1.0,1.0
M1 Grayscale,emd,00007.jpg,[258],258,"[258, 176, 193, 106, 14]",1.0,1.0
M1 Grayscale,emd,00008.jpg,[117],117,"[117, 261, 0, 134, 168]",1.0,1.0
M1 Grayscale,emd,00009.jpg,[203],233,"[233, 91, 162, 82, 144]",0.0,0.0
M1 Grayscale,emd,00010.jpg,[192],31,"[31, 136, 88, 131, 115]",0.0,0.0
M1 Grayscale,emd,00011.jpg,[22],274,"[274, 51, 215, 22, 145]",0.0,0.25
M1 Grayscale,emd,00012.jpg,[113],242,"[242, 282, 259, 227, 31]",0.0,0.0
M1 Grayscale,emd,00013.jpg,[101],143,"[143, 266, 81, 101, 60]",0.0,0.25
M1 Grayscale,emd,00014.jpg,[174],30,"[30, 92, 246, 128, 57]",0.0,0.0
M1 Grayscale,emd,00015.jpg,[155],144,"[144, 103, 76, 233, 91]",0.0,0.0
M1 Grayscale,emd,00016.jpg,[270],36,"[36, 186, 189, 209, 278]",0.0,0.0
M1 Grayscale,emd,00017.jpg,[47],36,"[36, 209, 189, 186, 278]",0.0,0.0
M1 Grayscale,emd,00018.jpg,[286],196,"[196, 144, 169, 91, 162]",0.0,0.0
M1 Grayscale,emd,00019.jpg,[215],174,"[174, 145, 239, 11, 162]",0.0,0.0
M1 Grayscale,emd,00020.jpg,[262],241,"[241, 247, 172, 142, 281]",0.0,0.0
M1 Grayscale,emd,00021.jpg,[245],87,"[87, 11, 104, 145, 105]",0.0,0.0
M1 Grayscale,emd,00022.jpg,[257],214,"[214, 257, 279, 193, 249]",0.0,0.5
M1 Grayscale,emd,00023.jpg,[182],209,"[209, 165, 108, 278, 5]",0.0,0.0
M1 Grayscale,emd,00024.jpg,[262],282,"[282, 129, 242, 170, 57]",0.0,0.0
M1 Grayscale,emd,00025.jpg,[38],43,"[43, 101, 160, 285, 59]",0.0,0.0
M1 Grayscale,emd,00026.jpg,[238],254,"[254, 240, 223, 110, 139]",0.0,0.0
M1 Grayscale,emd,00027.jpg,[67],67,"[67, 234, 206, 178, 191]",1.0,1.0
M1 Grayscale,emd,00028.jpg,[86],86,"[86, 276, 27, 113, 76]",1.0,1.0
M1 Grayscale,emd,00029.jpg,[133],133,"[133, 259, 213, 180, 33]",1.0,1.0
M2 HSV,euclidean,00000.jpg,[120],204,"[204, 222, 120, 278, 95]",0.0,0.3333333333333333
M2 HSV,euclidean,00001.jpg,[170],64,"[64, 170, 61, 88, 23]",0.0,0.5
M2 HSV,euclidean,00002.jpg,[277],225,"[225, 286, 147, 265, 279]",0.0,0.0
M2 HSV,euclidean,00003.jpg,[227],227,"[227, 140, 69, 78, 84]",1.0,1.0
M2 HSV,euclidean,00004.jpg,[251],104,"[104, 251, 154, 195, 95]",0.0,0.5
M2 HSV,euclidean,00005.jpg,[274],131,"[131, 196, 257, 216, 57]",0.0,0.0
M2 HSV,euclidean,00006.jpg,[285],203,"[203, 276, 192, 66, 284]",0.0,0.0
M2 HSV,euclidean,00007.jpg,[258],258,"[258, 11, 49, 21, 197]",1.0,1.0
M2 HSV,euclidean,00008.jpg,[117],0,"[0, 206, 67, 197, 126]",0.0,0.0
M2 HSV,euclidean,00009.jpg,[203],203,"[203, 276, 51, 137, 27]",1.0,1.0
M2 HSV,euclidean,00010.jpg,[192],259,"[259, 239, 192, 29, 39]",0.0,0.3333333333333333
M2 HSV,euclidean,00011.jpg,[22],202,"[202, 12, 137, 200, 22]",0.0,0.2
M2 HSV,euclidean,00012.jpg,[113],170,"[170, 130, 113, 244, 72]",0.0,0.3333333333333333
M2 HSV,euclidean,00013.jpg,[101],117,"[117, 111, 59, 130, 38]",0.0,0.0
M2 HSV,euclidean,00014.jpg,[174],115,"[115, 281, 242, 131, 149]",0.0,0.0
M2 HSV,euclidean,00015.jpg,[155],155,"[155, 140, 122, 45, 76]",1.0,1.0
M2 HSV,euclidean,00016.jpg,[270],212,"[212, 275, 224, 186, 214]",0.0,0.0
M2 HSV,euclidean,00017.jpg,[47],36,"[36, 18, 127, 106, 67]",0.0,0.0
M2 HSV,euclidean,00018.jpg,[286],286,"[286, 140, 260, 123, 72]",1.0,1.0
M2 HSV,euclidean,00019.jpg,[215],51,"[51, 215, 192, 276, 225]",0.0,0.5
M2 HSV,euclidean,00020.jpg,[262],262,"[262, 282, 113, 241, 163]",1.0,1.0
M2 HSV,euclidean,00021.jpg,[245],281,"[281, 196, 57, 9, 247]",0.0,0.0
M2 HSV,euclidean,00022.jpg,[257],247,"[247, 257, 153, 196, 33]",0.0,0.5
M2 HSV,euclidean,00023.jpg,[182],224,"[224, 165, 41, 14, 272]",0.0,0.0
M2 HSV,euclidean,00024.jpg,[262],262,"[262, 241, 163, 282, 144]",1.0,1.0
M2 HSV,euclidean,00025.jpg,[38],244,"[244, 168, 218, 64, 130]",0.0,0.0
M2 HSV,euclidean,00026.jpg,[238],226,"[226, 117, 59, 86, 148]",0.0,0.0
M2 HSV,euclidean,00027.jpg,[67],47,"[47, 20, 150, 206, 272]",0.0,0.0
M2 HSV,euclidean,00028.jpg,[86],31,"[31, 235, 154, 276, 137]",0.0,0.0
M2 HSV,euclidean,00029.jpg,[133],133,"[133, 218, 123, 157, 244]",1.0,1.0
M2 HSV,L1,00000.jpg,[120],120,"[120, 222, 204, 229, 95]",1.0,1.0
M2 HSV,L1,00001.jpg,[170],64,"[64, 170, 221, 61, 271]",0.0,0.5
M2 HSV,L1,00002.jpg,[277],277,"[277, 225, 265, 105, 149]",1.0,1.0
M2 HSV,L1,00003.jpg,[227],227,"[227, 69, 140, 113, 39]",1.0,1.0
M2 HSV,L1,00004.jpg,[251],251,"[251, 95, 104, 19, 25]",1.0,1.0
M2 HSV,L1,00005.jpg,[274],128,"[128, 46, 213, 216, 240]",0.0,0.0
M2 HSV,L1,00006.jpg,[285],50,"[50, 203, 20, 105, 276]",0.0,0.0
M2 HSV,L1,00007.jpg,[258],258,"[258, 11, 49, 75, 198]",1.0,1.0
M2 HSV,L1,00008.jpg,[117],0,"[0, 206, 150, 67, 190]",0.0,0.0
M2 HSV,L1,00009.jpg,[203],203,"[203, 137, 27, 195, 86]",1.0,1.0
M2 HSV,L1,00010.jpg,[192],259,"[259, 239, 88, 39, 276]",0.0,0.0
M2 HSV,L1,00011.jpg,[22],22,"[22, 202, 12, 145, 137]",1.0,1.0
M2 HSV,L1,00012.jpg,[113],130,"[130, 170, 113, 39, 259]",0.0,0.3333333333333333
M2 HSV,L1,00013.jpg,[101],59,"[59, 117, 111, 85, 232]",0.0,0.0
M2 HSV,L1,00014.jpg,[174],115,"[115, 242, 110, 82, 281]",0.0,0.0
M2 HSV,L1,00015.jpg,[155],155,"[155, 140, 69, 103, 163]",1.0,1.0
M2 HSV,L1,00016.jpg,[270],212,"[212, 186, 224, 189, 97]",0.0,0.0
M2 HSV,L1,00017.jpg,[47],36,"[36, 18, 127, 68, 106]",0.0,0.0
M2 HSV,L1,00018.jpg,[286],286,"[286, 123, 281, 57, 72]",1.0,1.0
M2 HSV,L1,00019.jpg,[215],51,"[51, 39, 239, 192, 215]",0.0,0.2
M2 HSV,L1,00020.jpg,[262],262,"[262, 241, 157, 282, 69]",1.0,1.0
M2 HSV,L1,00021.jpg,[245],245,"[245, 281, 196, 57, 9]",1.0,1.0
M2 HSV,L1,00022.jpg,[257],257,"[257, 247, 279, 64, 61]",1.0,1.0
M2 HSV,L1,00023.jpg,[182],97,"[97, 77, 165, 141, 224]",0.0,0.0
M2 HSV,L1,00024.jpg,[262],262,"[262, 241, 144, 157, 170]",1.0,1.0
M2 HSV,L1,00025.jpg,[38],244,"[244, 218, 229, 2, 38]",0.0,0.2
M2 HSV,L1,00026.jpg,[238],59,"[59, 226, 38, 9, 148]",0.0,0.0
M2 HSV,L1,00027.jpg,[67],47,"[47, 67, 206, 20, 168]",0.0,0.5
M2 HSV,L1,00028.jpg,[86],31,"[31, 154, 276, 235, 93]",0.0,0.0
M2 HSV,L1,00029.jpg,[133],133,"[133, 218, 123, 157, 231]",1.0,1.0
M2 HSV,chi2,00000.jpg,[120],120,"[120, 222, 229, 232, 95]",1.0,1.0
M2 HSV,chi2,00001.jpg,[170],64,"[64, 170, 196, 281, 221]",0.0,0.5
M2 HSV,chi2,00002.jpg,[277],277,"[277, 225, 132, 72, 51]",1.0,1.0
M2 HSV,chi2,00003.jpg,[227],227,"[227, 69, 140, 113, 84]",1.0,1.0
M2 HSV,chi2,00004.jpg,[251],251,"[251, 19, 25, 104, 95]",1.0,1.0
M2 HSV,chi2,00005.jpg,[274],128,"[128, 46, 216, 238, 240]",0.0,0.0
M2 HSV,chi2,00006.jpg,[285],50,"[50, 203, 105, 27, 276]",0.0,0.0
M2 HSV,chi2,00007.jpg,[258],258,"[258, 49, 11, 75, 21]",1.0,1.0
M2 HSV,chi2,00008.jpg,[117],0,"[0, 206, 150, 188, 190]",0.0,0.0
M2 HSV,chi2,00009.jpg,[203],203,"[203, 137, 27, 105, 200]",1.0,1.0
M2 HSV,chi2,00010.jpg,[192],259,"[259, 239, 88, 276, 39]",0.0,0.0
M2 HSV,chi2,00011.jpg,[22],22,"[22, 145, 12, 203, 202]",1.0,1.0
M2 HSV,chi2,00012.jpg,[113],170,"[170, 130, 276, 113, 154]",0.0,0.25
M2 HSV,chi2,00013.jpg,[101],111,"[111, 232, 59, 117, 101]",0.0,0.2
M2 HSV,chi2,00014.jpg,[174],115,"[115, 242, 110, 281, 82]",0.0,0.0
M2 HSV,chi2,00015.jpg,[155],155,"[155, 140, 69, 103, 45]",1.0,1.0
M2 HSV,chi2,00016.jpg,[270],212,"[212, 186, 189, 97, 224]",0.0,0.0
M2 HSV,chi2,00017.jpg,[47],36,"[36, 18, 106, 258, 75]",0.0,0.0
M2 HSV,chi2,00018.jpg,[286],286,"[286, 260, 72, 123, 281]",1.0,1.0
M2 HSV,chi2,00019.jpg,[215],39,"[39, 51, 239, 215, 103]",0.0,0.25
M2 HSV,chi2,00020.jpg,[262],262,"[262, 69, 282, 241, 163]",1.0,1.0
M2 HSV,chi2,00021.jpg,[245],281,"[281, 57, 245, 196, 9]",0.0,0.3333333333333333
M2 HSV,chi2,00022.jpg,[257],257,"[257, 247, 279, 23, 196]",1.0,1.0
M2 HSV,chi2,00023.jpg,[182],97,"[97, 141, 212, 5, 152]",0.0,0.0
M2 HSV,chi2,00024.jpg,[262],262,"[262, 241, 57, 144, 157]",1.0,1.0
M2 HSV,chi2,00025.jpg,[38],229,"[229, 244, 38, 218, 160]",0.0,0.3333333333333333
M2 HSV,chi2,00026.jpg,[238],59,"[59, 9, 231, 121, 180]",0.0,0.0
M2 HSV,chi2,00027.jpg,[67],47,"[47, 20, 67, 206, 182]",0.0,0.3333333333333333
M2 HSV,chi2,00028.jpg,[86],31,"[31, 154, 276, 105, 235]",0.0,0.0
M2 HSV,chi2,00029.jpg,[133],133,"[133, 218, 123, 157, 244]",1.0,1.0
M2 HSV,intersection,00000.jpg,[120],120,"[120, 222, 204, 229, 95]",1.0,1.0
M2 HSV,intersection,00001.jpg,[170],64,"[64, 170, 221, 61, 271]",0.0,0.5
M2 HSV,intersection,00002.jpg,[277],277,"[277, 225, 265, 105, 149]",1.0,1.0
M2 HSV,intersection,00003.jpg,[227],227,"[227, 69, 140, 113, 39]",1.0,1.0
M2 HSV,intersection,00004.jpg,[251],251,"[251, 95, 104, 19, 25]",1.0,1.0
M2 HSV,intersection,00005.jpg,[274],128,"[128, 46, 213, 216, 240]",0.0,0.0
M2 HSV,intersection,00006.jpg,[285],50,"[50, 203, 20, 105, 276]",0.0,0.0
M2 HSV,intersection,00007.jpg,[258],258,"[258, 11, 49, 75, 198]",1.0,1.0
M2 HSV,intersection,00008.jpg,[117],0,"[0, 206, 150, 67, 190]",0.0,0.0
M2 HSV,intersection,00009.jpg,[203],203,"[203, 137, 27, 195, 86]",1.0,1.0
M2 HSV,intersection,00010.jpg,[192],259,"[259, 239, 88, 39, 276]",0.0,0.0
M2 HSV,intersection,00011.jpg,[22],22,"[22, 202, 12, 145, 137]",1.0,1.0
M2 HSV,intersection,00012.jpg,[113],130,"[130, 170, 113, 39, 259]",0.0,0.3333333333333333
M2 HSV,intersection,00013.jpg,[101],59,"[59, 117, 111, 85, 232]",0.0,0.0
M2 HSV,intersection,00014.jpg,[174],115,"[115, 242, 110, 82, 281]",0.0,0.0
M2 HSV,intersection,00015.jpg,[155],155,"[155, 140, 69, 103, 163]",1.0,1.0
M2 HSV,intersection,00016.jpg,[270],212,"[212, 186, 224, 189, 97]",0.0,0.0
M2 HSV,intersection,00017.jpg,[47],36,"[36, 18, 127, 68, 106]",0.0,0.0
M2 HSV,intersection,00018.jpg,[286],286,"[286, 123, 281, 57, 72]",1.0,1.0
M2 HSV,intersection,00019.jpg,[215],51,"[51, 39, 239, 192, 215]",0.0,0.2
M2 HSV,intersection,00020.jpg,[262],262,"[262, 241, 157, 282, 69]",1.0,1.0
M2 HSV,intersection,00021.jpg,[245],245,"[245, 281, 196, 57, 9]",1.0,1.0
M2 HSV,intersection,00022.jpg,[257],257,"[257, 247, 279, 64, 61]",1.0,1.0
M2 HSV,intersection,00023.jpg,[182],97,"[97, 77, 165, 141, 224]",0.0,0.0
M2 HSV,intersection,00024.jpg,[262],262,"[262, 241, 144, 157, 170]",1.0,1.0
M2 HSV,intersection,00025.jpg,[38],244,"[244, 218, 229, 2, 38]",0.0,0.2
M2 HSV,intersection,00026.jpg,[238],59,"[59, 226, 38, 9, 148]",0.0,0.0
M2 HSV,intersection,00027.jpg,[67],47,"[47, 67, 206, 20, 168]",0.0,0.5
M2 HSV,intersection,00028.jpg,[86],31,"[31, 154, 276, 235, 93]",0.0,0.0
M2 HSV,intersection,00029.jpg,[133],133,"[133, 218, 123, 157, 231]",1.0,1.0
M2 HSV,hellinger,00000.jpg,[120],120,"[120, 222, 229, 232, 95]",1.0,1.0
M2 HSV,hellinger,00001.jpg,[170],64,"[64, 170, 196, 281, 57]",0.0,0.5
M2 HSV,hellinger,00002.jpg,[277],277,"[277, 225, 72, 244, 174]",1.0,1.0
M2 HSV,hellinger,00003.jpg,[227],227,"[227, 69, 140, 113, 84]",1.0,1.0
M2 HSV,hellinger,00004.jpg,[251],251,"[251, 19, 25, 104, 105]",1.0,1.0
M2 HSV,hellinger,00005.jpg,[274],128,"[128, 238, 216, 46, 240]",0.0,0.0
M2 HSV,hellinger,00006.jpg,[285],50,"[50, 203, 105, 27, 235]",0.0,0.0
M2 HSV,hellinger,00007.jpg,[258],258,"[258, 49, 75, 106, 11]",1.0,1.0
M2 HSV,hellinger,00008.jpg,[117],0,"[0, 206, 150, 188, 168]",0.0,0.0
M2 HSV,hellinger,00009.jpg,[203],203,"[203, 137, 105, 27, 235]",1.0,1.0
M2 HSV,hellinger,00010.jpg,[192],259,"[259, 239, 88, 39, 276]",0.0,0.0
M2 HSV,hellinger,00011.jpg,[22],22,"[22, 145, 203, 12, 202]",1.0,1.0
M2 HSV,hellinger,00012.jpg,[113],170,"[170, 130, 276, 244, 113]",0.0,0.2
M2 HSV,hellinger,00013.jpg,[101],111,"[111, 232, 101, 89, 226]",0.0,0.3333333333333333
M2 HSV,hellinger,00014.jpg,[174],115,"[115, 242, 110, 174, 281]",0.0,0.25
M2 HSV,hellinger,00015.jpg,[155],155,"[155, 140, 69, 84, 103]",1.0,1.0
M2 HSV,hellinger,00016.jpg,[270],212,"[212, 186, 189, 97, 224]",0.0,0.0
M2 HSV,hellinger,00017.jpg,[47],36,"[36, 18, 106, 75, 258]",0.0,0.0
M2 HSV,hellinger,00018.jpg,[286],286,"[286, 260, 72, 123, 126]",1.0,1.0
M2 HSV,hellinger,00019.jpg,[215],51,"[51, 39, 239, 215, 103]",0.0,0.25
M2 HSV,hellinger,00020.jpg,[262],262,"[262, 282, 69, 241, 163]",1.0,1.0
M2 HSV,hellinger,00021.jpg,[245],57,"[57, 281, 196, 245, 9]",0.0,0.25
M2 HSV,hellinger,00022.jpg,[257],257,"[257, 247, 279, 196, 269]",1.0,1.0
M2 HSV,hellinger,00023.jpg,[182],97,"[97, 141, 212, 5, 152]",0.0,0.0
M2 HSV,hellinger,00024.jpg,[262],262,"[262, 241, 57, 133, 144]",1.0,1.0
M2 HSV,hellinger,00025.jpg,[38],229,"[229, 244, 38, 160, 59]",0.0,0.3333333333333333
M2 HSV,hellinger,00026.jpg,[238],59,"[59, 9, 121, 231, 123]",0.0,0.0
M2 HSV,hellinger,00027.jpg,[67],20,"[20, 47, 67, 206, 38]",0.0,0.3333333333333333
M2 HSV,hellinger,00028.jpg,[86],31,"[31, 154, 276, 50, 105]",0.0,0.0
M2 HSV,hellinger,00029.jpg,[133],133,"[133, 218, 157, 123, 244]",1.0,1.0
M2 HSV,cosine,00000.jpg,[120],204,"[204, 222, 120, 278, 95]",0.0,0.3333333333333333
M2 HSV,cosine,00001.jpg,[170],64,"[64, 170, 61, 74, 88]",0.0,0.5
M2 HSV,cosine,00002.jpg,[277],277,"[277, 225, 286, 147, 105]",1.0,1.0
M2 HSV,cosine,00003.jpg,[227],227,"[227, 78, 283, 69, 140]",1.0,1.0
M2 HSV,cosine,00004.jpg,[251],104,"[104, 251, 154, 195, 93]",0.0,0.5
M2 HSV,cosine,00005.jpg,[274],131,"[131, 196, 57, 216, 128]",0.0,0.0
M2 HSV,cosine,00006.jpg,[285],203,"[203, 276, 192, 50, 284]",0.0,0.0
M2 HSV,cosine,00007.jpg,[258],258,"[258, 11, 49, 21, 197]",1.0,1.0
M2 HSV,cosine,00008.jpg,[117],206,"[206, 67, 0, 18, 273]",0.0,0.0
M2 HSV,cosine,00009.jpg,[203],203,"[203, 276, 137, 51, 27]",1.0,1.0
M2 HSV,cosine,00010.jpg,[192],259,"[259, 239, 39, 192, 29]",0.0,0.25
M2 HSV,cosine,00011.jpg,[22],202,"[202, 137, 12, 200, 145]",0.0,0.0
M2 HSV,cosine,00012.jpg,[113],170,"[170, 130, 154, 27, 244]",0.0,0.0
M2 HSV,cosine,00013.jpg,[101],117,"[117, 59, 111, 85, 182]",0.0,0.0
M2 HSV,cosine,00014.jpg,[174],115,"[115, 281, 242, 131, 143]",0.0,0.0
M2 HSV,cosine,00015.jpg,[155],155,"[155, 45, 122, 140, 76]",1.0,1.0
M2 HSV,cosine,00016.jpg,[270],275,"[275, 212, 186, 224, 97]",0.0,0.0
M2 HSV,cosine,00017.jpg,[47],36,"[36, 18, 127, 67, 106]",0.0,0.0
M2 HSV,cosine,00018.jpg,[286],286,"[286, 140, 260, 123, 72]",1.0,1.0
M2 HSV,cosine,00019.jpg,[215],51,"[51, 276, 192, 215, 66]",0.0,0.25
M2 HSV,cosine,00020.jpg,[262],262,"[262, 241, 282, 113, 163]",1.0,1.0
M2 HSV,cosine,00021.jpg,[245],281,"[281, 196, 17, 57, 280]",0.0,0.0
M2 HSV,cosine,00022.jpg,[257],257,"[257, 247, 153, 279, 33]",1.0,1.0
M2 HSV,cosine,00023.jpg,[182],224,"[224, 151, 165, 41, 152]",0.0,0.0
M2 HSV,cosine,00024.jpg,[262],262,"[262, 241, 202, 174, 163]",1.0,1.0
M2 HSV,cosine,00025.jpg,[38],244,"[244, 2, 229, 168, 218]",0.0,0.0
M2 HSV,cosine,00026.jpg,[238],226,"[226, 148, 59, 211, 117]",0.0,0.0
M2 HSV,cosine,00027.jpg,[67],47,"[47, 20, 272, 206, 150]",0.0,0.0
M2 HSV,cosine,00028.jpg,[86],31,"[31, 235, 154, 93, 50]",0.0,0.0
M2 HSV,cosine,00029.jpg,[133],133,"[133, 218, 157, 123, 244]",1.0,1.0
M2 HSV,correlation,00000.jpg,[120],204,"[204, 222, 120, 278, 95]",0.0,0.3333333333333333
M2 HSV,correlation,00001.jpg,[170],64,"[64, 74, 170, 61, 146]",0.0,0.3333333333333333
M2 HSV,correlation,00002.jpg,[277],277,"[277, 225, 286, 147, 105]",1.0,1.0
M2 HSV,correlation,00003.jpg,[227],227,"[227, 78, 283, 69, 221]",1.0,1.0
M2 HSV,correlation,00004.jpg,[251],104,"[104, 251, 154, 195, 93]",0.0,0.5
M2 HSV,correlation,00005.jpg,[274],196,"[196, 57, 131, 216, 128]",0.0,0.0
M2 HSV,correlation,00006.jpg,[285],203,"[203, 276, 50, 192, 284]",0.0,0.0
M2 HSV,correlation,00007.jpg,[258],258,"[258, 11, 49, 21, 0]",1.0,1.0
M2 HSV,correlation,00008.jpg,[117],206,"[206, 67, 18, 0, 273]",0.0,0.0
M2 HSV,correlation,00009.jpg,[203],203,"[203, 137, 276, 51, 27]",1.0,1.0
M2 HSV,correlation,00010.jpg,[192],259,"[259, 39, 239, 192, 29]",0.0,0.25
M2 HSV,correlation,00011.jpg,[22],202,"[202, 137, 12, 145, 200]",0.0,0.0
M2 HSV,correlation,00012.jpg,[113],170,"[170, 154, 27, 130, 276]",0.0,0.0
M2 HSV,correlation,00013.jpg,[101],117,"[117, 59, 85, 182, 111]",0.0,0.0
M2 HSV,correlation,00014.jpg,[174],115,"[115, 281, 242, 143, 131]",0.0,0.0
M2 HSV,correlation,00015.jpg,[155],155,"[155, 45, 122, 76, 140]",1.0,1.0
M2 HSV,correlation,00016.jpg,[270],275,"[275, 212, 186, 97, 224]",0.0,0.0
M2 HSV,correlation,00017.jpg,[47],36,"[36, 18, 127, 67, 106]",0.0,0.0
M2 HSV,correlation,00018.jpg,[286],286,"[286, 140, 123, 260, 6]",1.0,1.0
M2 HSV,correlation,00019.jpg,[215],51,"[51, 66, 276, 192, 215]",0.0,0.2
M2 HSV,correlation,00020.jpg,[262],262,"[262, 187, 202, 241, 184]",1.0,1.0
M2 HSV,correlation,00021.jpg,[245],281,"[281, 17, 196, 280, 49]",0.0,0.0
M2 HSV,correlation,00022.jpg,[257],257,"[257, 247, 153, 280, 279]",1.0,1.0
M2 HSV,correlation,00023.jpg,[182],151,"[151, 224, 165, 152, 95]",0.0,0.0
M2 HSV,correlation,00024.jpg,[262],262,"[262, 202, 241, 187, 285]",1.0,1.0
M2 HSV,correlation,00025.jpg,[38],244,"[244, 2, 229, 217, 59]",0.0,0.0
M2 HSV,correlation,00026.jpg,[238],226,"[226, 148, 59, 211, 86]",0.0,0.0
M2 HSV,correlation,00027.jpg,[67],47,"[47, 20, 272, 206, 150]",0.0,0.0
M2 HSV,correlation,00028.jpg,[86],31,"[31, 235, 154, 93, 50]",0.0,0.0
M2 HSV,correlation,00029.jpg,[133],133,"[133, 218, 157, 123, 59]",1.0,1.0
M2 HSV,jensen_shannon,00000.jpg,[120],120,"[120, 222, 229, 232, 95]",1.0,1.0
M2 HSV,jensen_shannon,00001.jpg,[170],64,"[64, 170, 196, 281, 221]",0.0,0.5
M2 HSV,jensen_shannon,00002.jpg,[277],277,"[277, 225, 72, 51, 244]",1.0,1.0
M2 HSV,jensen_shannon,00003.jpg,[227],227,"[227, 69, 140, 113, 84]",1.0,1.0
M2 HSV,jensen_shannon,00004.jpg,[251],251,"[251, 19, 25, 104, 95]",1.0,1.0
M2 HSV,jensen_shannon,00005.jpg,[274],128,"[128, 46, 216, 238, 240]",0.0,0.0
M2 HSV,jensen_shannon,00006.jpg,[285],50,"[50, 203, 105, 27, 235]",0.0,0.0
M2 HSV,jensen_shannon,00007.jpg,[258],258,"[258, 49, 11, 75, 21]",1.0,1.0
M2 HSV,jensen_shannon,00008.jpg,[117],0,"[0, 206, 150, 188, 168]",0.0,0.0
M2 HSV,jensen_shannon,00009.jpg,[203],203,"[203, 137, 27, 105, 200]",1.0,1.0
M2 HSV,jensen_shannon,00010.jpg,[192],259,"[259, 239, 88, 39, 276]",0.0,0.0
M2 HSV,jensen_shannon,00011.jpg,[22],22,"[22, 145, 203, 12, 202]",1.0,1.0
M2 HSV,jensen_shannon,00012.jpg,[113],170,"[170, 130, 276, 244, 113]",0.0,0.2
M2 HSV,jensen_shannon,00013.jpg,[101],111,"[111, 232, 101, 59, 226]",0.0,0.3333333333333333
M2 HSV,jensen_shannon,00014.jpg,[174],115,"[115, 242, 110, 281, 174]",0.0,0.2
M2 HSV,jensen_shannon,00015.jpg,[155],155,"[155, 140, 69, 103, 45]",1.0,1.0
M2 HSV,jensen_shannon,00016.jpg,[270],212,"[212, 186, 189, 97, 275]",0.0,0.0
M2 HSV,jensen_shannon,00017.jpg,[47],36,"[36, 18, 106, 75, 258]",0.0,0.0
M2 HSV,jensen_shannon,00018.jpg,[286],286,"[286, 260, 72, 123, 126]",1.0,1.0
M2 HSV,jensen_shannon,00019.jpg,[215],51,"[51, 39, 239, 215, 103]",0.0,0.25
M2 HSV,jensen_shannon,00020.jpg,[262],262,"[262, 69, 282, 241, 163]",1.0,1.0
M2 HSV,jensen_shannon,00021.jpg,[245],57,"[57, 281, 196, 245, 9]",0.0,0.25
M2 HSV,jensen_shannon,00022.jpg,[257],257,"[257, 247, 279, 196, 23]",1.0,1.0
M2 HSV,jensen_shannon,00023.jpg,[182],97,"[97, 141, 212, 5, 152]",0.0,0.0
M2 HSV,jensen_shannon,00024.jpg,[262],262,"[262, 241, 57, 144, 133]",1.0,1.0
M2 HSV,jensen_shannon,00025.jpg,[38],229,"[229, 244, 38, 160, 151]",0.0,0.3333333333333333
M2 HSV,jensen_shannon,00026.jpg,[238],59,"[59, 9, 231, 121, 123]",0.0,0.0
M2 HSV,jensen_shannon,00027.jpg,[67],20,"[20, 47, 67, 206, 182]",0.0,0.3333333333333333
M2 HSV,jensen_shannon,00028.jpg,[86],31,"[31, 154, 276, 105, 50]",0.0,0.0
M2 HSV,jensen_shannon,00029.jpg,[133],133,"[133, 218, 123, 157, 244]",1.0,1.0
M2 HSV,emd,00000.jpg,[120],120,"[120, 236, 222, 224, 182]",1.0,1.0
M2 HSV,emd,00001.jpg,[170],281,"[281, 57, 196, 241, 64]",0.0,0.0
M2 HSV,emd,00002.jpg,[277],277,"[277, 0, 134, 225, 132]",1.0,1.0
M2 HSV,emd,00003.jpg,[227],227,"[227, 155, 45, 69, 113]",1.0,1.0
M2 HSV,emd,00004.jpg,[251],19,"[19, 251, 25, 176, 107]",0.0,0.5
M2 HSV,emd,00005.jpg,[274],128,"[128, 238, 46, 240, 8]",0.0,0.0
M2 HSV,emd,00006.jpg,[285],50,"[50, 203, 105, 31, 27]",0.0,0.0
M2 HSV,emd,00007.jpg,[258],258,"[258, 106, 49, 75, 35]",1.0,1.0
M2 HSV,emd,00008.jpg,[117],117,"[117, 168, 134, 81, 0]",1.0,1.0
M2 HSV,emd,00009.jpg,[203],203,"[203, 86, 82, 27, 235]",1.0,1.0
M2 HSV,emd,00010.jpg,[192],259,"[259, 115, 31, 239, 203]",0.0,0.0
M2 HSV,emd,00011.jpg,[22],22,"[22, 27, 137, 14, 12]",1.0,1.0
M2 HSV,emd,00012.jpg,[113],88,"[88, 39, 170, 115, 37]",0.0,0.0
M2 HSV,emd,00013.jpg,[101],101,"[101, 226, 151, 125, 85]",1.0,1.0
M2 HSV,emd,00014.jpg,[174],115,"[115, 242, 170, 246, 31]",0.0,0.0
M2 HSV,emd,00015.jpg,[155],155,"[155, 140, 45, 87, 113]",1.0,1.0
M2 HSV,emd,00016.jpg,[270],186,"[186, 97, 189, 90, 270]",0.0,0.2
M2 HSV,emd,00017.jpg,[47],36,"[36, 165, 18, 209, 5]",0.0,0.0
M2 HSV,emd,00018.jpg,[286],286,"[286, 281, 196, 260, 171]",1.0,1.0
M2 HSV,emd,00019.jpg,[215],239,"[239, 104, 39, 192, 215]",0.0,0.2
M2 HSV,emd,00020.jpg,[262],69,"[69, 63, 144, 26, 262]",0.0,0.2
M2 HSV,emd,00021.jpg,[245],245,"[245, 196, 281, 84, 247]",1.0,1.0
M2 HSV,emd,00022.jpg,[257],283,"[283, 269, 257, 122, 44]",0.0,0.3333333333333333
M2 HSV,emd,00023.jpg,[182],97,"[97, 182, 165, 212, 186]",0.0,0.5
M2 HSV,emd,00024.jpg,[262],262,"[262, 144, 69, 282, 157]",1.0,1.0
M2 HSV,emd,00025.jpg,[38],64,"[64, 160, 241, 59, 208]",0.0,0.0
M2 HSV,emd,00026.jpg,[238],240,"[240, 254, 238, 128, 231]",0.0,0.3333333333333333
M2 HSV,emd,00027.jpg,[67],67,"[67, 206, 191, 20, 182]",1.0,1.0
M2 HSV,emd,00028.jpg,[86],50,"[50, 154, 276, 105, 93]",0.0,0.0
M2 HSV,emd,00029.jpg,[133],133,"[133, 123, 157, 9, 57]",1.0,1.0
M3 LAB chroma,euclidean,00000.jpg,[120],182,"[182, 229, 101, 184, 186]",0.0,0.0
M3 LAB chroma,euclidean,00001.jpg,[170],116,"[116, 171, 133, 286, 218]",0.0,0.0
M3 LAB chroma,euclidean,00002.jpg,[277],277,"[277, 190, 159, 274, 126]",1.0,1.0
M3 LAB chroma,euclidean,00003.jpg,[227],227,"[227, 140, 94, 69, 233]",1.0,1.0
M3 LAB chroma,euclidean,00004.jpg,[251],251,"[251, 172, 250, 256, 76]",1.0,1.0
M3 LAB chroma,euclidean,00005.jpg,[274],258,"[258, 106, 216, 219, 173]",0.0,0.0
M3 LAB chroma,euclidean,00006.jpg,[285],50,"[50, 4, 27, 285, 58]",0.0,0.25
M3 LAB chroma,euclidean,00007.jpg,[258],258,"[258, 173, 128, 216, 106]",1.0,1.0
M3 LAB chroma,euclidean,00008.jpg,[117],218,"[218, 57, 64, 157, 126]",0.0,0.0
M3 LAB chroma,euclidean,00009.jpg,[203],86,"[86, 203, 168, 161, 228]",0.0,0.5
M3 LAB chroma,euclidean,00010.jpg,[192],29,"[29, 174, 259, 27, 51]",0.0,0.0
M3 LAB chroma,euclidean,00011.jpg,[22],22,"[22, 16, 211, 178, 205]",1.0,1.0
M3 LAB chroma,euclidean,00012.jpg,[113],174,"[174, 225, 4, 37, 31]",0.0,0.0
M3 LAB chroma,euclidean,00013.jpg,[101],101,"[101, 229, 222, 182, 184]",1.0,1.0
M3 LAB chroma,euclidean,00014.jpg,[174],154,"[154, 156, 174, 195, 149]",0.0,0.3333333333333333
M3 LAB chroma,euclidean,00015.jpg,[155],155,"[155, 140, 265, 96, 253]",1.0,1.0
M3 LAB chroma,euclidean,00016.jpg,[270],194,"[194, 212, 252, 14, 270]",0.0,0.2
M3 LAB chroma,euclidean,00017.jpg,[47],75,"[75, 208, 197, 108, 274]",0.0,0.0
M3 LAB chroma,euclidean,00018.jpg,[286],171,"[171, 286, 116, 245, 133]",0.0,0.5
M3 LAB chroma,euclidean,00019.jpg,[215],215,"[215, 253, 39, 193, 96]",1.0,1.0
M3 LAB chroma,euclidean,00020.jpg,[262],260,"[260, 62, 3, 94, 221]",0.0,0.0
M3 LAB chroma,euclidean,00021.jpg,[245],245,"[245, 196, 257, 57, 286]",1.0,1.0
M3 LAB chroma,euclidean,00022.jpg,[257],139,"[139, 138, 37, 130, 281]",0.0,0.0
M3 LAB chroma,euclidean,00023.jpg,[182],229,"[229, 182, 101, 186, 184]",0.0,0.5
M3 LAB chroma,euclidean,00024.jpg,[262],62,"[62, 260, 3, 94, 119]",0.0,0.0
M3 LAB chroma,euclidean,00025.jpg,[38],38,"[38, 185, 204, 206, 218]",1.0,1.0
M3 LAB chroma,euclidean,00026.jpg,[238],238,"[238, 36, 17, 240, 128]",1.0,1.0
M3 LAB chroma,euclidean,00027.jpg,[67],101,"[101, 229, 186, 114, 266]",0.0,0.0
M3 LAB chroma,euclidean,00028.jpg,[86],66,"[66, 105, 154, 249, 145]",0.0,0.0
M3 LAB chroma,euclidean,00029.jpg,[133],133,"[133, 286, 116, 196, 218]",1.0,1.0
M3 LAB chroma,L1,00000.jpg,[120],182,"[182, 229, 184, 186, 101]",0.0,0.0
M3 LAB chroma,L1,00001.jpg,[170],116,"[116, 171, 286, 133, 168]",0.0,0.0
M3 LAB chroma,L1,00002.jpg,[277],277,"[277, 153, 126, 190, 0]",1.0,1.0
M3 LAB chroma,L1,00003.jpg,[227],227,"[227, 221, 140, 26, 94]",1.0,1.0
M3 LAB chroma,L1,00004.jpg,[251],251,"[251, 172, 250, 256, 19]",1.0,1.0
M3 LAB chroma,L1,00005.jpg,[274],258,"[258, 106, 216, 219, 173]",0.0,0.0
M3 LAB chroma,L1,00006.jpg,[285],50,"[50, 285, 20, 27, 13]",0.0,0.5
M3 LAB chroma,L1,00007.jpg,[258],258,"[258, 106, 11, 173, 128]",1.0,1.0
M3 LAB chroma,L1,00008.jpg,[117],218,"[218, 57, 126, 257, 64]",0.0,0.0
M3 LAB chroma,L1,00009.jpg,[203],203,"[203, 86, 16, 137, 12]",1.0,1.0
M3 LAB chroma,L1,00010.jpg,[192],259,"[259, 29, 174, 27, 225]",0.0,0.0
M3 LAB chroma,L1,00011.jpg,[22],22,"[22, 16, 211, 90, 205]",1.0,1.0
M3 LAB chroma,L1,00012.jpg,[113],174,"[174, 4, 225, 37, 58]",0.0,0.0
M3 LAB chroma,L1,00013.jpg,[101],101,"[101, 229, 226, 222, 184]",1.0,1.0
M3 LAB chroma,L1,00014.jpg,[174],154,"[154, 195, 149, 143, 174]",0.0,0.2
M3 LAB chroma,L1,00015.jpg,[155],155,"[155, 140, 265, 215, 132]",1.0,1.0
M3 LAB chroma,L1,00016.jpg,[270],212,"[212, 194, 270, 252, 14]",0.0,0.3333333333333333
M3 LAB chroma,L1,00017.jpg,[47],75,"[75, 208, 197, 108, 273]",0.0,0.0
M3 LAB chroma,L1,00018.jpg,[286],286,"[286, 116, 171, 133, 245]",1.0,1.0
M3 LAB chroma,L1,00019.jpg,[215],215,"[215, 193, 39, 253, 103]",1.0,1.0
M3 LAB chroma,L1,00020.jpg,[262],260,"[260, 248, 26, 94, 3]",0.0,0.0
M3 LAB chroma,L1,00021.jpg,[245],245,"[245, 196, 257, 57, 221]",1.0,1.0
M3 LAB chroma,L1,00022.jpg,[257],139,"[139, 257, 138, 245, 37]",0.0,0.5
M3 LAB chroma,L1,00023.jpg,[182],229,"[229, 182, 186, 101, 184]",0.0,0.5
M3 LAB chroma,L1,00024.jpg,[262],260,"[260, 3, 248, 23, 171]",0.0,0.0
M3 LAB chroma,L1,00025.jpg,[38],38,"[38, 185, 206, 120, 204]",1.0,1.0
M3 LAB chroma,L1,00026.jpg,[238],238,"[238, 36, 240, 17, 128]",1.0,1.0
M3 LAB chroma,L1,00027.jpg,[67],101,"[101, 229, 186, 182, 92]",0.0,0.0
M3 LAB chroma,L1,00028.jpg,[86],66,"[66, 154, 105, 29, 145]",0.0,0.0
M3 LAB chroma,L1,00029.jpg,[133],133,"[133, 286, 116, 126, 264]",1.0,1.0
M3 LAB chroma,chi2,00000.jpg,[120],182,"[182, 186, 184, 232, 229]",0.0,0.0
M3 LAB chroma,chi2,00001.jpg,[170],116,"[116, 286, 171, 133, 168]",0.0,0.0
M3 LAB chroma,chi2,00002.jpg,[277],277,"[277, 153, 0, 190, 210]",1.0,1.0
M3 LAB chroma,chi2,00003.jpg,[227],227,"[227, 140, 221, 144, 78]",1.0,1.0
M3 LAB chroma,chi2,00004.jpg,[251],251,"[251, 172, 19, 250, 256]",1.0,1.0
M3 LAB chroma,chi2,00005.jpg,[274],106,"[106, 258, 216, 219, 231]",0.0,0.0
M3 LAB chroma,chi2,00006.jpg,[285],50,"[50, 13, 20, 285, 150]",0.0,0.25
M3 LAB chroma,chi2,00007.jpg,[258],258,"[258, 106, 46, 216, 36]",1.0,1.0
M3 LAB chroma,chi2,00008.jpg,[117],218,"[218, 126, 57, 247, 281]",0.0,0.0
M3 LAB chroma,chi2,00009.jpg,[203],203,"[203, 86, 16, 137, 12]",1.0,1.0
M3 LAB chroma,chi2,00010.jpg,[192],259,"[259, 29, 225, 51, 72]",0.0,0.0
M3 LAB chroma,chi2,00011.jpg,[22],22,"[22, 16, 211, 205, 90]",1.0,1.0
M3 LAB chroma,chi2,00012.jpg,[113],4,"[4, 174, 225, 37, 58]",0.0,0.0
M3 LAB chroma,chi2,00013.jpg,[101],101,"[101, 229, 79, 151, 35]",1.0,1.0
M3 LAB chroma,chi2,00014.jpg,[174],149,"[149, 143, 195, 174, 154]",0.0,0.25
M3 LAB chroma,chi2,00015.jpg,[155],155,"[155, 140, 265, 45, 84]",1.0,1.0
M3 LAB chroma,chi2,00016.jpg,[270],212,"[212, 270, 252, 194, 148]",0.0,0.5
M3 LAB chroma,chi2,00017.jpg,[47],274,"[274, 75, 2, 197, 208]",0.0,0.0
M3 LAB chroma,chi2,00018.jpg,[286],286,"[286, 116, 133, 171, 23]",1.0,1.0
M3 LAB chroma,chi2,00019.jpg,[215],215,"[215, 39, 193, 253, 103]",1.0,1.0
M3 LAB chroma,chi2,00020.jpg,[262],248,"[248, 260, 26, 61, 116]",0.0,0.0
M3 LAB chroma,chi2,00021.jpg,[245],245,"[245, 257, 57, 196, 221]",1.0,1.0
M3 LAB chroma,chi2,00022.jpg,[257],257,"[257, 245, 138, 139, 210]",1.0,1.0
M3 LAB chroma,chi2,00023.jpg,[182],186,"[186, 184, 182, 229, 92]",0.0,0.3333333333333333
M3 LAB chroma,chi2,00024.jpg,[262],260,"[260, 248, 116, 23, 61]",0.0,0.0
M3 LAB chroma,chi2,00025.jpg,[38],38,"[38, 241, 206, 120, 278]",1.0,1.0
M3 LAB chroma,chi2,00026.jpg,[238],238,"[238, 17, 240, 36, 128]",1.0,1.0
M3 LAB chroma,chi2,00027.jpg,[67],101,"[101, 186, 246, 229, 182]",0.0,0.0
M3 LAB chroma,chi2,00028.jpg,[86],105,"[105, 154, 66, 235, 276]",0.0,0.0
M3 LAB chroma,chi2,00029.jpg,[133],133,"[133, 116, 286, 264, 126]",1.0,1.0
M3 LAB chroma,intersection,00000.jpg,[120],182,"[182, 229, 184, 186, 101]",0.0,0.0
M3 LAB chroma,intersection,00001.jpg,[170],116,"[116, 171, 286, 133, 168]",0.0,0.0
M3 LAB chroma,intersection,00002.jpg,[277],277,"[277, 153, 126, 190, 0]",1.0,1.0
M3 LAB chroma,intersection,00003.jpg,[227],227,"[227, 221, 140, 26, 94]",1.0,1.0
M3 LAB chroma,intersection,00004.jpg,[251],251,"[251, 172, 250, 256, 19]",1.0,1.0
M3 LAB chroma,intersection,00005.jpg,[274],258,"[258, 106, 216, 219, 173]",0.0,0.0
M3 LAB chroma,intersection,00006.jpg,[285],50,"[50, 285, 20, 27, 13]",0.0,0.5
M3 LAB chroma,intersection,00007.jpg,[258],258,"[258, 106, 11, 173, 128]",1.0,1.0
M3 LAB chroma,intersection,00008.jpg,[117],218,"[218, 57, 126, 257, 64]",0.0,0.0
M3 LAB chroma,intersection,00009.jpg,[203],203,"[203, 86, 16, 137, 12]",1.0,1.0
M3 LAB chroma,intersection,00010.jpg,[192],259,"[259, 29, 174, 27, 225]",0.0,0.0
M3 LAB chroma,intersection,00011.jpg,[22],22,"[22, 16, 211, 90, 205]",1.0,1.0
M3 LAB chroma,intersection,00012.jpg,[113],174,"[174, 4, 225, 37, 58]",0.0,0.0
M3 LAB chroma,intersection,00013.jpg,[101],101,"[101, 229, 226, 222, 184]",1.0,1.0
M3 LAB chroma,intersection,00014.jpg,[174],154,"[154, 195, 149, 143, 174]",0.0,0.2
M3 LAB chroma,intersection,00015.jpg,[155],155,"[155, 140, 265, 215, 132]",1.0,1.0
M3 LAB chroma,intersection,00016.jpg,[270],212,"[212, 194, 270, 252, 14]",0.0,0.3333333333333333
M3 LAB chroma,intersection,00017.jpg,[47],75,"[75, 208, 197, 108, 273]",0.0,0.0
M3 LAB chroma,intersection,00018.jpg,[286],286,"[286, 116, 171, 133, 245]",1.0,1.0
M3 LAB chroma,intersection,00019.jpg,[215],215,"[215, 193, 39, 253, 103]",1.0,1.0
M3 LAB chroma,intersection,00020.jpg,[262],260,"[260, 248, 26, 94, 3]",0.0,0.0
M3 LAB chroma,intersection,00021.jpg,[245],245,"[245, 196, 257, 57, 221]",1.0,1.0
M3 LAB chroma,intersection,00022.jpg,[257],139,"[139, 257, 138, 245, 37]",0.0,0.5
M3 LAB chroma,intersection,00023.jpg,[182],229,"[229, 182, 186, 101, 184]",0.0,0.5
M3 LAB chroma,intersection,00024.jpg,[262],260,"[260, 3, 248, 23, 171]",0.0,0.0
M3 LAB chroma,intersection,00025.jpg,[38],38,"[38, 185, 206, 120, 204]",1.0,1.0
M3 LAB chroma,intersection,00026.jpg,[238],238,"[238, 36, 240, 17, 128]",1.0,1.0
M3 LAB chroma,intersection,00027.jpg,[67],101,"[101, 229, 186, 182, 92]",0.0,0.0
M3 LAB chroma,intersection,00028.jpg,[86],66,"[66, 154, 105, 29, 145]",0.0,0.0
M3 LAB chroma,intersection,00029.jpg,[133],133,"[133, 286, 116, 126, 264]",1.0,1.0
M3 LAB chroma,hellinger,00000.jpg,[120],182,"[182, 186, 184, 246, 232]",0.0,0.0
M3 LAB chroma,hellinger,00001.jpg,[170],116,"[116, 286, 171, 168, 170]",0.0,0.2
M3 LAB chroma,hellinger,00002.jpg,[277],277,"[277, 153, 210, 190, 274]",1.0,1.0
M3 LAB chroma,hellinger,00003.jpg,[227],227,"[227, 140, 144, 221, 233]",1.0,1.0
M3 LAB chroma,hellinger,00004.jpg,[251],251,"[251, 172, 19, 167, 142]",1.0,1.0
M3 LAB chroma,hellinger,00005.jpg,[274],216,"[216, 258, 106, 219, 231]",0.0,0.0
M3 LAB chroma,hellinger,00006.jpg,[285],50,"[50, 13, 150, 20, 24]",0.0,0.0
M3 LAB chroma,hellinger,00007.jpg,[258],258,"[258, 106, 46, 49, 209]",1.0,1.0
M3 LAB chroma,hellinger,00008.jpg,[117],218,"[218, 281, 126, 247, 57]",0.0,0.0
M3 LAB chroma,hellinger,00009.jpg,[203],203,"[203, 16, 86, 149, 137]",1.0,1.0
M3 LAB chroma,hellinger,00010.jpg,[192],259,"[259, 29, 225, 51, 72]",0.0,0.0
M3 LAB chroma,hellinger,00011.jpg,[22],22,"[22, 16, 211, 205, 90]",1.0,1.0
M3 LAB chroma,hellinger,00012.jpg,[113],4,"[4, 174, 225, 259, 72]",0.0,0.0
M3 LAB chroma,hellinger,00013.jpg,[101],101,"[101, 229, 151, 79, 35]",1.0,1.0
M3 LAB chroma,hellinger,00014.jpg,[174],149,"[149, 143, 195, 174, 154]",0.0,0.25
M3 LAB chroma,hellinger,00015.jpg,[155],155,"[155, 140, 96, 227, 144]",1.0,1.0
M3 LAB chroma,hellinger,00016.jpg,[270],212,"[212, 270, 252, 148, 194]",0.0,0.5
M3 LAB chroma,hellinger,00017.jpg,[47],2,"[2, 274, 75, 197, 162]",0.0,0.0
M3 LAB chroma,hellinger,00018.jpg,[286],286,"[286, 116, 133, 171, 126]",1.0,1.0
M3 LAB chroma,hellinger,00019.jpg,[215],215,"[215, 39, 193, 239, 103]",1.0,1.0
M3 LAB chroma,hellinger,00020.jpg,[262],248,"[248, 260, 26, 61, 64]",0.0,0.0
M3 LAB chroma,hellinger,00021.jpg,[245],245,"[245, 257, 57, 10, 64]",1.0,1.0
M3 LAB chroma,hellinger,00022.jpg,[257],257,"[257, 245, 57, 210, 269]",1.0,1.0
M3 LAB chroma,hellinger,00023.jpg,[182],186,"[186, 184, 182, 194, 141]",0.0,0.3333333333333333
M3 LAB chroma,hellinger,00024.jpg,[262],248,"[248, 260, 61, 64, 26]",0.0,0.0
M3 LAB chroma,hellinger,00025.jpg,[38],38,"[38, 241, 278, 120, 206]",1.0,1.0
M3 LAB chroma,hellinger,00026.jpg,[238],238,"[238, 240, 17, 36, 128]",1.0,1.0
M3 LAB chroma,hellinger,00027.jpg,[67],101,"[101, 246, 186, 182, 229]",0.0,0.0
M3 LAB chroma,hellinger,00028.jpg,[86],154,"[154, 105, 66, 276, 27]",0.0,0.0
M3 LAB chroma,hellinger,00029.jpg,[133],133,"[133, 116, 126, 286, 264]",1.0,1.0
M3 LAB chroma,cosine,00000.jpg,[120],182,"[182, 184, 229, 101, 232]",0.0,0.0
M3 LAB chroma,cosine,00001.jpg,[170],116,"[116, 171, 133, 286, 218]",0.0,0.0
M3 LAB chroma,cosine,00002.jpg,[277],277,"[277, 0, 274, 273, 197]",1.0,1.0
M3 LAB chroma,cosine,00003.jpg,[227],227,"[227, 221, 94, 140, 26]",1.0,1.0
M3 LAB chroma,cosine,00004.jpg,[251],251,"[251, 172, 250, 256, 76]",1.0,1.0
M3 LAB chroma,cosine,00005.jpg,[274],258,"[258, 106, 173, 128, 216]",0.0,0.0
M3 LAB chroma,cosine,00006.jpg,[285],50,"[50, 4, 58, 27, 105]",0.0,0.0
M3 LAB chroma,cosine,00007.jpg,[258],258,"[258, 36, 128, 173, 240]",1.0,1.0
M3 LAB chroma,cosine,00008.jpg,[117],197,"[197, 83, 280, 218, 73]",0.0,0.0
M3 LAB chroma,cosine,00009.jpg,[203],86,"[86, 203, 228, 205, 16]",0.0,0.5
M3 LAB chroma,cosine,00010.jpg,[192],29,"[29, 174, 259, 27, 51]",0.0,0.0
M3 LAB chroma,cosine,00011.jpg,[22],22,"[22, 16, 211, 1, 178]",1.0,1.0
M3 LAB chroma,cosine,00012.jpg,[113],174,"[174, 225, 31, 4, 37]",0.0,0.0
M3 LAB chroma,cosine,00013.jpg,[101],101,"[101, 229, 224, 222, 85]",1.0,1.0
M3 LAB chroma,cosine,00014.jpg,[174],156,"[156, 154, 174, 195, 149]",0.0,0.3333333333333333
M3 LAB chroma,cosine,00015.jpg,[155],155,"[155, 140, 69, 45, 265]",1.0,1.0
M3 LAB chroma,cosine,00016.jpg,[270],194,"[194, 212, 14, 252, 270]",0.0,0.2
M3 LAB chroma,cosine,00017.jpg,[47],208,"[208, 75, 108, 197, 162]",0.0,0.0
M3 LAB chroma,cosine,00018.jpg,[286],171,"[171, 286, 116, 133, 245]",0.0,0.5
M3 LAB chroma,cosine,00019.jpg,[215],215,"[215, 253, 193, 39, 82]",1.0,1.0
M3 LAB chroma,cosine,00020.jpg,[262],260,"[260, 62, 3, 166, 221]",0.0,0.0
M3 LAB chroma,cosine,00021.jpg,[245],245,"[245, 196, 257, 57, 286]",1.0,1.0
M3 LAB chroma,cosine,00022.jpg,[257],139,"[139, 138, 37, 130, 210]",0.0,0.0
M3 LAB chroma,cosine,00023.jpg,[182],184,"[184, 229, 182, 186, 101]",0.0,0.3333333333333333
M3 LAB chroma,cosine,00024.jpg,[262],62,"[62, 260, 3, 117, 166]",0.0,0.0
M3 LAB chroma,cosine,00025.jpg,[38],204,"[204, 206, 38, 185, 120]",0.0,0.3333333333333333
M3 LAB chroma,cosine,00026.jpg,[238],238,"[238, 36, 17, 240, 128]",1.0,1.0
M3 LAB chroma,cosine,00027.jpg,[67],101,"[101, 229, 184, 182, 186]",0.0,0.0
M3 LAB chroma,cosine,00028.jpg,[86],66,"[66, 105, 154, 249, 145]",0.0,0.0
M3 LAB chroma,cosine,00029.jpg,[133],133,"[133, 286, 116, 218, 196]",1.0,1.0
M3 LAB chroma,correlation,00000.jpg,[120],182,"[182, 184, 229, 232, 101]",0.0,0.0
M3 LAB chroma,correlation,00001.jpg,[170],116,"[116, 171, 133, 286, 218]",0.0,0.0
M3 LAB chroma,correlation,00002.jpg,[277],277,"[277, 0, 274, 162, 273]",1.0,1.0
M3 LAB chroma,correlation,00003.jpg,[227],227,"[227, 221, 94, 26, 140]",1.0,1.0
M3 LAB chroma,correlation,00004.jpg,[251],251,"[251, 172, 250, 256, 76]",1.0,1.0
M3 LAB chroma,correlation,00005.jpg,[274],258,"[258, 173, 106, 128, 240]",0.0,0.0
M3 LAB chroma,correlation,00006.jpg,[285],50,"[50, 4, 58, 27, 105]",0.0,0.0
M3 LAB chroma,correlation,00007.jpg,[258],258,"[258, 36, 128, 173, 240]",1.0,1.0
M3 LAB chroma,correlation,00008.jpg,[117],197,"[197, 83, 280, 73, 2]",0.0,0.0
M3 LAB chroma,correlation,00009.jpg,[203],86,"[86, 203, 228, 205, 16]",0.0,0.5
M3 LAB chroma,correlation,00010.jpg,[192],29,"[29, 174, 259, 27, 51]",0.0,0.0
M3 LAB chroma,correlation,00011.jpg,[22],22,"[22, 16, 1, 211, 178]",1.0,1.0
M3 LAB chroma,correlation,00012.jpg,[113],174,"[174, 31, 225, 4, 37]",0.0,0.0
M3 LAB chroma,correlation,00013.jpg,[101],101,"[101, 229, 224, 85, 222]",1.0,1.0
M3 LAB chroma,correlation,00014.jpg,[174],156,"[156, 154, 174, 195, 149]",0.0,0.3333333333333333
M3 LAB chroma,correlation,00015.jpg,[155],155,"[155, 140, 69, 45, 26]",1.0,1.0
M3 LAB chroma,correlation,00016.jpg,[270],194,"[194, 212, 14, 252, 270]",0.0,0.2
M3 LAB chroma,correlation,00017.jpg,[47],208,"[208, 75, 108, 197, 162]",0.0,0.0
M3 LAB chroma,correlation,00018.jpg,[286],171,"[171, 286, 116, 133, 245]",0.0,0.5
M3 LAB chroma,correlation,00019.jpg,[215],215,"[215, 253, 193, 39, 82]",1.0,1.0
M3 LAB chroma,correlation,00020.jpg,[262],260,"[260, 62, 3, 166, 221]",0.0,0.0
M3 LAB chroma,correlation,00021.jpg,[245],245,"[245, 196, 257, 57, 286]",1.0,1.0
M3 LAB chroma,correlation,00022.jpg,[257],139,"[139, 138, 37, 130, 210]",0.0,0.0
M3 LAB chroma,correlation,00023.jpg,[182],184,"[184, 229, 182, 186, 101]",0.0,0.3333333333333333
M3 LAB chroma,correlation,00024.jpg,[262],62,"[62, 260, 3, 117, 166]",0.0,0.0
M3 LAB chroma,correlation,00025.jpg,[38],204,"[204, 206, 38, 185, 120]",0.0,0.3333333333333333
M3 LAB chroma,correlation,00026.jpg,[238],238,"[238, 36, 17, 240, 128]",1.0,1.0
M3 LAB chroma,correlation,00027.jpg,[67],101,"[101, 229, 184, 182, 186]",0.0,0.0
M3 LAB chroma,correlation,00028.jpg,[86],66,"[66, 105, 154, 145, 249]",0.0,0.0
M3 LAB chroma,correlation,00029.jpg,[133],133,"[133, 116, 286, 218, 196]",1.0,1.0
M3 LAB chroma,jensen_shannon,00000.jpg,[120],182,"[182, 186, 184, 232, 246]",0.0,0.0
M3 LAB chroma,jensen_shannon,00001.jpg,[170],116,"[116, 286, 171, 168, 133]",0.0,0.0
M3 LAB chroma,jensen_shannon,00002.jpg,[277],277,"[277, 153, 210, 190, 0]",1.0,1.0
M3 LAB chroma,jensen_shannon,00003.jpg,[227],227,"[227, 140, 221, 144, 78]",1.0,1.0
M3 LAB chroma,jensen_shannon,00004.jpg,[251],251,"[251, 172, 19, 167, 142]",1.0,1.0
M3 LAB chroma,jensen_shannon,00005.jpg,[274],106,"[106, 216, 258, 219, 231]",0.0,0.0
M3 LAB chroma,jensen_shannon,00006.jpg,[285],50,"[50, 13, 150, 20, 24]",0.0,0.0
M3 LAB chroma,jensen_shannon,00007.jpg,[258],258,"[258, 106, 46, 216, 36]",1.0,1.0
M3 LAB chroma,jensen_shannon,00008.jpg,[117],218,"[218, 126, 57, 281, 247]",0.0,0.0
M3 LAB chroma,jensen_shannon,00009.jpg,[203],203,"[203, 16, 86, 137, 149]",1.0,1.0
M3 LAB chroma,jensen_shannon,00010.jpg,[192],259,"[259, 29, 225, 51, 72]",0.0,0.0
M3 LAB chroma,jensen_shannon,00011.jpg,[22],22,"[22, 16, 211, 205, 90]",1.0,1.0
M3 LAB chroma,jensen_shannon,00012.jpg,[113],4,"[4, 174, 225, 58, 259]",0.0,0.0
M3 LAB chroma,jensen_shannon,00013.jpg,[101],101,"[101, 229, 79, 151, 35]",1.0,1.0
M3 LAB chroma,jensen_shannon,00014.jpg,[174],149,"[149, 143, 195, 174, 154]",0.0,0.25
M3 LAB chroma,jensen_shannon,00015.jpg,[155],155,"[155, 140, 265, 45, 96]",1.0,1.0
M3 LAB chroma,jensen_shannon,00016.jpg,[270],212,"[212, 270, 252, 194, 148]",0.0,0.5
M3 LAB chroma,jensen_shannon,00017.jpg,[47],274,"[274, 2, 75, 197, 208]",0.0,0.0
M3 LAB chroma,jensen_shannon,00018.jpg,[286],286,"[286, 116, 133, 171, 23]",1.0,1.0
M3 LAB chroma,jensen_shannon,00019.jpg,[215],215,"[215, 39, 193, 253, 103]",1.0,1.0
M3 LAB chroma,jensen_shannon,00020.jpg,[262],248,"[248, 260, 26, 61, 64]",0.0,0.0
M3 LAB chroma,jensen_shannon,00021.jpg,[245],245,"[245, 257, 57, 10, 221]",1.0,1.0
M3 LAB chroma,jensen_shannon,00022.jpg,[257],257,"[257, 245, 138, 210, 57]",1.0,1.0
M3 LAB chroma,jensen_shannon,00023.jpg,[182],186,"[186, 184, 182, 229, 194]",0.0,0.3333333333333333
M3 LAB chroma,jensen_shannon,00024.jpg,[262],248,"[248, 260, 61, 116, 23]",0.0,0.0
M3 LAB chroma,jensen_shannon,00025.jpg,[38],38,"[38, 241, 206, 120, 278]",1.0,1.0
M3 LAB chroma,jensen_shannon,00026.jpg,[238],238,"[238, 240, 17, 36, 128]",1.0,1.0
M3 LAB chroma,jensen_shannon,00027.jpg,[67],101,"[101, 246, 186, 229, 182]",0.0,0.0
M3 LAB chroma,jensen_shannon,00028.jpg,[86],154,"[154, 105, 66, 276, 235]",0.0,0.0
M3 LAB chroma,jensen_shannon,00029.jpg,[133],133,"[133, 116, 286, 126, 264]",1.0,1.0
M3 LAB chroma,emd,00000.jpg,[120],182,"[182, 186, 184, 212, 246]",0.0,0.0
M3 LAB chroma,emd,00001.jpg,[170],116,"[116, 218, 171, 133, 286]",0.0,0.0
M3 LAB chroma,emd,00002.jpg,[277],277,"[277, 210, 127, 138, 153]",1.0,1.0
M3 LAB chroma,emd,00003.jpg,[227],227,"[227, 283, 78, 45, 221]",1.0,1.0
M3 LAB chroma,emd,00004.jpg,[251],251,"[251, 172, 19, 142, 250]",1.0,1.0
M3 LAB chroma,emd,00005.jpg,[274],258,"[258, 106, 216, 254, 219]",0.0,0.0
M3 LAB chroma,emd,00006.jpg,[285],50,"[50, 31, 235, 285, 13]",0.0,0.25
M3 LAB chroma,emd,00007.jpg,[258],258,"[258, 216, 106, 128, 36]",1.0,1.0
M3 LAB chroma,emd,00008.jpg,[117],247,"[247, 281, 57, 117, 126]",0.0,0.25
M3 LAB chroma,emd,00009.jpg,[203],203,"[203, 86, 16, 51, 205]",1.0,1.0
M3 LAB chroma,emd,00010.jpg,[192],259,"[259, 50, 51, 31, 4]",0.0,0.0
M3 LAB chroma,emd,00011.jpg,[22],22,"[22, 186, 12, 14, 90]",1.0,1.0
M3 LAB chroma,emd,00012.jpg,[113],174,"[174, 4, 37, 225, 58]",0.0,0.0
M3 LAB chroma,emd,00013.jpg,[101],229,"[229, 101, 224, 226, 85]",0.0,0.5
M3 LAB chroma,emd,00014.jpg,[174],143,"[143, 149, 195, 115, 223]",0.0,0.0
M3 LAB chroma,emd,00015.jpg,[155],155,"[155, 144, 140, 87, 69]",1.0,1.0
M3 LAB chroma,emd,00016.jpg,[270],212,"[212, 270, 194, 252, 202]",0.0,0.5
M3 LAB chroma,emd,00017.jpg,[47],75,"[75, 197, 108, 2, 274]",0.0,0.0
M3 LAB chroma,emd,00018.jpg,[286],286,"[286, 133, 116, 171, 126]",1.0,1.0
M3 LAB chroma,emd,00019.jpg,[215],39,"[39, 276, 215, 239, 235]",0.0,0.3333333333333333
M3 LAB chroma,emd,00020.jpg,[262],248,"[248, 260, 26, 61, 64]",0.0,0.0
M3 LAB chroma,emd,00021.jpg,[245],245,"[245, 257, 10, 279, 247]",1.0,1.0
M3 LAB chroma,emd,00022.jpg,[257],257,"[257, 121, 245, 213, 6]",1.0,1.0
M3 LAB chroma,emd,00023.jpg,[182],184,"[184, 182, 186, 101, 229]",0.0,0.5
M3 LAB chroma,emd,00024.jpg,[262],260,"[260, 61, 64, 248, 98]",0.0,0.0
M3 LAB chroma,emd,00025.jpg,[38],38,"[38, 120, 206, 191, 110]",1.0,1.0
M3 LAB chroma,emd,00026.jpg,[238],238,"[238, 240, 17, 36, 128]",1.0,1.0
M3 LAB chroma,emd,00027.jpg,[67],101,"[101, 182, 186, 67, 184]",0.0,0.25
M3 LAB chroma,emd,00028.jpg,[86],66,"[66, 25, 158, 105, 154]",0.0,0.0
M3 LAB chroma,emd,00029.jpg,[133],133,"[133, 116, 286, 264, 123]",1.0,1.0
M4 HSV chroma,euclidean,00000.jpg,[120],128,"[128, 222, 278, 46, 162]",0.0,0.0
M4 HSV chroma,euclidean,00001.jpg,[170],64,"[64, 61, 228, 23, 133]",0.0,0.0
M4 HSV chroma,euclidean,00002.jpg,[277],277,"[277, 138, 147, 279, 225]",1.0,1.0
M4 HSV chroma,euclidean,00003.jpg,[227],227,"[227, 283, 78, 140, 69]",1.0,1.0
M4 HSV chroma,euclidean,00004.jpg,[251],251,"[251, 104, 110, 154, 93]",1.0,1.0
M4 HSV chroma,euclidean,00005.jpg,[274],213,"[213, 261, 280, 131, 257]",0.0,0.0
M4 HSV chroma,euclidean,00006.jpg,[285],246,"[246, 203, 276, 22, 29]",0.0,0.0
M4 HSV chroma,euclidean,00007.jpg,[258],11,"[11, 49, 17, 198, 258]",0.0,0.2
M4 HSV chroma,euclidean,00008.jpg,[117],0,"[0, 206, 21, 67, 273]",0.0,0.0
M4 HSV chroma,euclidean,00009.jpg,[203],203,"[203, 157, 51, 276, 137]",1.0,1.0
M4 HSV chroma,euclidean,00010.jpg,[192],29,"[29, 239, 192, 259, 276]",0.0,0.3333333333333333
M4 HSV chroma,euclidean,00011.jpg,[22],202,"[202, 50, 200, 12, 137]",0.0,0.0
M4 HSV chroma,euclidean,00012.jpg,[113],130,"[130, 81, 170, 113, 225]",0.0,0.25
M4 HSV chroma,euclidean,00013.jpg,[101],117,"[117, 59, 180, 111, 8]",0.0,0.0
M4 HSV chroma,euclidean,00014.jpg,[174],143,"[143, 115, 149, 131, 281]",0.0,0.0
M4 HSV chroma,euclidean,00015.jpg,[155],155,"[155, 140, 45, 122, 76]",1.0,1.0
M4 HSV chroma,euclidean,00016.jpg,[270],224,"[224, 212, 275, 214, 79]",0.0,0.0
M4 HSV chroma,euclidean,00017.jpg,[47],127,"[127, 36, 106, 68, 18]",0.0,0.0
M4 HSV chroma,euclidean,00018.jpg,[286],286,"[286, 6, 123, 116, 28]",1.0,1.0
M4 HSV chroma,euclidean,00019.jpg,[215],51,"[51, 276, 284, 192, 215]",0.0,0.2
M4 HSV chroma,euclidean,00020.jpg,[262],262,"[262, 113, 163, 282, 221]",1.0,1.0
M4 HSV chroma,euclidean,00021.jpg,[245],281,"[281, 245, 196, 257, 33]",0.0,0.5
M4 HSV chroma,euclidean,00022.jpg,[257],153,"[153, 247, 33, 257, 269]",0.0,0.25
M4 HSV chroma,euclidean,00023.jpg,[182],224,"[224, 14, 186, 79, 41]",0.0,0.0
M4 HSV chroma,euclidean,00024.jpg,[262],262,"[262, 163, 241, 249, 171]",1.0,1.0
M4 HSV chroma,euclidean,00025.jpg,[38],168,"[168, 38, 64, 58, 2]",0.0,0.5
M4 HSV chroma,euclidean,00026.jpg,[238],148,"[148, 161, 226, 118, 101]",0.0,0.0
M4 HSV chroma,euclidean,00027.jpg,[67],47,"[47, 20, 2, 272, 150]",0.0,0.0
M4 HSV chroma,euclidean,00028.jpg,[86],31,"[31, 235, 251, 246, 66]",0.0,0.0
M4 HSV chroma,euclidean,00029.jpg,[133],133,"[133, 218, 3, 244, 228]",1.0,1.0
M4 HSV chroma,L1,00000.jpg,[120],128,"[128, 222, 46, 120, 152]",0.0,0.25
M4 HSV chroma,L1,00001.jpg,[170],64,"[64, 271, 61, 228, 133]",0.0,0.0
M4 HSV chroma,L1,00002.jpg,[277],277,"[277, 0, 147, 225, 72]",1.0,1.0
M4 HSV chroma,L1,00003.jpg,[227],227,"[227, 69, 113, 140, 155]",1.0,1.0
M4 HSV chroma,L1,00004.jpg,[251],251,"[251, 110, 93, 104, 142]",1.0,1.0
M4 HSV chroma,L1,00005.jpg,[274],213,"[213, 240, 280, 257, 278]",0.0,0.0
M4 HSV chroma,L1,00006.jpg,[285],22,"[22, 246, 203, 50, 145]",0.0,0.0
M4 HSV chroma,L1,00007.jpg,[258],11,"[11, 258, 198, 49, 216]",0.0,0.5
M4 HSV chroma,L1,00008.jpg,[117],206,"[206, 0, 273, 11, 189]",0.0,0.0
M4 HSV chroma,L1,00009.jpg,[203],203,"[203, 16, 137, 200, 195]",1.0,1.0
M4 HSV chroma,L1,00010.jpg,[192],259,"[259, 29, 239, 276, 192]",0.0,0.2
M4 HSV chroma,L1,00011.jpg,[22],202,"[202, 22, 200, 285, 50]",0.0,0.5
M4 HSV chroma,L1,00012.jpg,[113],154,"[154, 113, 130, 39, 276]",0.0,0.5
M4 HSV chroma,L1,00013.jpg,[101],117,"[117, 59, 111, 226, 180]",0.0,0.0
M4 HSV chroma,L1,00014.jpg,[174],110,"[110, 105, 143, 242, 115]",0.0,0.0
M4 HSV chroma,L1,00015.jpg,[155],155,"[155, 140, 69, 45, 103]",1.0,1.0
M4 HSV chroma,L1,00016.jpg,[270],224,"[224, 212, 97, 52, 214]",0.0,0.0
M4 HSV chroma,L1,00017.jpg,[47],127,"[127, 68, 106, 36, 18]",0.0,0.0
M4 HSV chroma,L1,00018.jpg,[286],286,"[286, 123, 116, 6, 248]",1.0,1.0
M4 HSV chroma,L1,00019.jpg,[215],276,"[276, 192, 29, 51, 259]",0.0,0.0
M4 HSV chroma,L1,00020.jpg,[262],157,"[157, 262, 163, 63, 133]",0.0,0.5
M4 HSV chroma,L1,00021.jpg,[245],245,"[245, 257, 281, 33, 247]",1.0,1.0
M4 HSV chroma,L1,00022.jpg,[257],257,"[257, 153, 213, 247, 269]",1.0,1.0
M4 HSV chroma,L1,00023.jpg,[182],186,"[186, 224, 79, 46, 14]",0.0,0.0
M4 HSV chroma,L1,00024.jpg,[262],262,"[262, 157, 144, 241, 249]",1.0,1.0
M4 HSV chroma,L1,00025.jpg,[38],38,"[38, 2, 168, 218, 244]",1.0,1.0
M4 HSV chroma,L1,00026.jpg,[238],148,"[148, 226, 85, 38, 263]",0.0,0.0
M4 HSV chroma,L1,00027.jpg,[67],47,"[47, 20, 206, 189, 150]",0.0,0.0
M4 HSV chroma,L1,00028.jpg,[86],251,"[251, 31, 246, 235, 154]",0.0,0.0
M4 HSV chroma,L1,00029.jpg,[133],133,"[133, 218, 3, 157, 228]",1.0,1.0
M4 HSV chroma,chi2,00000.jpg,[120],222,"[222, 128, 79, 152, 46]",0.0,0.0
M4 HSV chroma,chi2,00001.jpg,[170],64,"[64, 271, 133, 218, 244]",0.0,0.0
M4 HSV chroma,chi2,00002.jpg,[277],277,"[277, 225, 156, 72, 0]",1.0,1.0
M4 HSV chroma,chi2,00003.jpg,[227],227,"[227, 69, 113, 140, 87]",1.0,1.0
M4 HSV chroma,chi2,00004.jpg,[251],251,"[251, 19, 93, 104, 142]",1.0,1.0
M4 HSV chroma,chi2,00005.jpg,[274],213,"[213, 240, 280, 278, 208]",0.0,0.0
M4 HSV chroma,chi2,00006.jpg,[285],50,"[50, 246, 22, 145, 203]",0.0,0.0
M4 HSV chroma,chi2,00007.jpg,[258],11,"[11, 258, 198, 49, 17]",0.0,0.5
M4 HSV chroma,chi2,00008.jpg,[117],0,"[0, 206, 188, 150, 210]",0.0,0.0
M4 HSV chroma,chi2,00009.jpg,[203],203,"[203, 16, 137, 200, 86]",1.0,1.0
M4 HSV chroma,chi2,00010.jpg,[192],259,"[259, 276, 29, 239, 192]",0.0,0.2
M4 HSV chroma,chi2,00011.jpg,[22],22,"[22, 203, 50, 202, 200]",1.0,1.0
M4 HSV chroma,chi2,00012.jpg,[113],154,"[154, 130, 276, 225, 113]",0.0,0.2
M4 HSV chroma,chi2,00013.jpg,[101],117,"[117, 111, 180, 232, 226]",0.0,0.0
M4 HSV chroma,chi2,00014.jpg,[174],110,"[110, 149, 143, 242, 105]",0.0,0.0
M4 HSV chroma,chi2,00015.jpg,[155],155,"[155, 140, 45, 69, 76]",1.0,1.0
M4 HSV chroma,chi2,00016.jpg,[270],224,"[224, 212, 97, 214, 128]",0.0,0.0
M4 HSV chroma,chi2,00017.jpg,[47],106,"[106, 127, 68, 268, 258]",0.0,0.0
M4 HSV chroma,chi2,00018.jpg,[286],286,"[286, 123, 116, 6, 234]",1.0,1.0
M4 HSV chroma,chi2,00019.jpg,[215],29,"[29, 276, 39, 51, 103]",0.0,0.0
M4 HSV chroma,chi2,00020.jpg,[262],262,"[262, 69, 284, 163, 133]",1.0,1.0
M4 HSV chroma,chi2,00021.jpg,[245],245,"[245, 281, 57, 257, 247]",1.0,1.0
M4 HSV chroma,chi2,00022.jpg,[257],257,"[257, 153, 247, 269, 213]",1.0,1.0
M4 HSV chroma,chi2,00023.jpg,[182],46,"[46, 151, 79, 186, 224]",0.0,0.0
M4 HSV chroma,chi2,00024.jpg,[262],262,"[262, 144, 241, 133, 249]",1.0,1.0
M4 HSV chroma,chi2,00025.jpg,[38],38,"[38, 2, 229, 180, 189]",1.0,1.0
M4 HSV chroma,chi2,00026.jpg,[238],148,"[148, 226, 59, 38, 118]",0.0,0.0
M4 HSV chroma,chi2,00027.jpg,[67],47,"[47, 20, 38, 182, 42]",0.0,0.0
M4 HSV chroma,chi2,00028.jpg,[86],251,"[251, 31, 50, 246, 154]",0.0,0.0
M4 HSV chroma,chi2,00029.jpg,[133],133,"[133, 218, 157, 3, 228]",1.0,1.0
M4 HSV chroma,intersection,00000.jpg,[120],128,"[128, 222, 46, 120, 152]",0.0,0.25
M4 HSV chroma,intersection,00001.jpg,[170],64,"[64, 271, 61, 228, 133]",0.0,0.0
M4 HSV chroma,intersection,00002.jpg,[277],277,"[277, 0, 147, 225, 72]",1.0,1.0
M4 HSV chroma,intersection,00003.jpg,[227],227,"[227, 69, 113, 140, 155]",1.0,1.0
M4 HSV chroma,intersection,00004.jpg,[251],251,"[251, 110, 93, 104, 142]",1.0,1.0
M4 HSV chroma,intersection,00005.jpg,[274],213,"[213, 240, 280, 257, 278]",0.0,0.0
M4 HSV chroma,intersection,00006.jpg,[285],22,"[22, 246, 203, 50, 145]",0.0,0.0
M4 HSV chroma,intersection,00007.jpg,[258],11,"[11, 258, 198, 49, 216]",0.0,0.5
M4 HSV chroma,intersection,00008.jpg,[117],206,"[206, 0, 273, 11, 189]",0.0,0.0
M4 HSV chroma,intersection,00009.jpg,[203],203,"[203, 16, 137, 200, 195]",1.0,1.0
M4 HSV chroma,intersection,00010.jpg,[192],259,"[259, 29, 239, 276, 192]",0.0,0.2
M4 HSV chroma,intersection,00011.jpg,[22],202,"[202, 22, 200, 285, 50]",0.0,0.5
M4 HSV chroma,intersection,00012.jpg,[113],154,"[154, 113, 130, 39, 276]",0.0,0.5
M4 HSV chroma,intersection,00013.jpg,[101],117,"[117, 59, 111, 226, 180]",0.0,0.0
M4 HSV chroma,intersection,00014.jpg,[174],110,"[110, 105, 143, 242, 115]",0.0,0.0
M4 HSV chroma,intersection,00015.jpg,[155],155,"[155, 140, 69, 45, 103]",1.0,1.0
M4 HSV chroma,intersection,00016.jpg,[270],224,"[224, 212, 97, 52, 214]",0.0,0.0
M4 HSV chroma,intersection,00017.jpg,[47],127,"[127, 68, 106, 36, 18]",0.0,0.0
M4 HSV chroma,intersection,00018.jpg,[286],286,"[286, 123, 116, 6, 248]",1.0,1.0
M4 HSV chroma,intersection,00019.jpg,[215],276,"[276, 192, 29, 51, 259]",0.0,0.0
M4 HSV chroma,intersection,00020.jpg,[262],157,"[157, 262, 163, 63, 133]",0.0,0.5
M4 HSV chroma,intersection,00021.jpg,[245],245,"[245, 257, 281, 33, 247]",1.0,1.0
M4 HSV chroma,intersection,00022.jpg,[257],257,"[257, 153, 213, 247, 269]",1.0,1.0
M4 HSV chroma,intersection,00023.jpg,[182],186,"[186, 224, 79, 46, 14]",0.0,0.0
M4 HSV chroma,intersection,00024.jpg,[262],262,"[262, 157, 144, 241, 249]",1.0,1.0
M4 HSV chroma,intersection,00025.jpg,[38],38,"[38, 2, 168, 218, 244]",1.0,1.0
M4 HSV chroma,intersection,00026.jpg,[238],148,"[148, 226, 85, 38, 263]",0.0,0.0
M4 HSV chroma,intersection,00027.jpg,[67],47,"[47, 20, 206, 189, 150]",0.0,0.0
M4 HSV chroma,intersection,00028.jpg,[86],251,"[251, 31, 246, 235, 154]",0.0,0.0
M4 HSV chroma,intersection,00029.jpg,[133],133,"[133, 218, 3, 157, 228]",1.0,1.0
M4 HSV chroma,hellinger,00000.jpg,[120],222,"[222, 128, 79, 152, 46]",0.0,0.0
M4 HSV chroma,hellinger,00001.jpg,[170],64,"[64, 271, 133, 218, 244]",0.0,0.0
M4 HSV chroma,hellinger,00002.jpg,[277],277,"[277, 225, 72, 156, 204]",1.0,1.0
M4 HSV chroma,hellinger,00003.jpg,[227],227,"[227, 69, 113, 140, 87]",1.0,1.0
M4 HSV chroma,hellinger,00004.jpg,[251],251,"[251, 19, 110, 142, 25]",1.0,1.0
M4 HSV chroma,hellinger,00005.jpg,[274],240,"[240, 278, 213, 208, 280]",0.0,0.0
M4 HSV chroma,hellinger,00006.jpg,[285],50,"[50, 246, 22, 145, 203]",0.0,0.0
M4 HSV chroma,hellinger,00007.jpg,[258],258,"[258, 11, 198, 49, 17]",1.0,1.0
M4 HSV chroma,hellinger,00008.jpg,[117],0,"[0, 206, 188, 210, 150]",0.0,0.0
M4 HSV chroma,hellinger,00009.jpg,[203],203,"[203, 16, 137, 200, 86]",1.0,1.0
M4 HSV chroma,hellinger,00010.jpg,[192],259,"[259, 276, 239, 29, 192]",0.0,0.2
M4 HSV chroma,hellinger,00011.jpg,[22],22,"[22, 50, 203, 200, 202]",1.0,1.0
M4 HSV chroma,hellinger,00012.jpg,[113],130,"[130, 154, 276, 225, 170]",0.0,0.0
M4 HSV chroma,hellinger,00013.jpg,[101],111,"[111, 232, 226, 101, 180]",0.0,0.25
M4 HSV chroma,hellinger,00014.jpg,[174],110,"[110, 149, 143, 195, 242]",0.0,0.0
M4 HSV chroma,hellinger,00015.jpg,[155],155,"[155, 140, 69, 45, 227]",1.0,1.0
M4 HSV chroma,hellinger,00016.jpg,[270],224,"[224, 212, 97, 128, 270]",0.0,0.2
M4 HSV chroma,hellinger,00017.jpg,[47],106,"[106, 68, 127, 268, 258]",0.0,0.0
M4 HSV chroma,hellinger,00018.jpg,[286],286,"[286, 123, 116, 6, 234]",1.0,1.0
M4 HSV chroma,hellinger,00019.jpg,[215],29,"[29, 51, 276, 103, 39]",0.0,0.0
M4 HSV chroma,hellinger,00020.jpg,[262],69,"[69, 262, 284, 84, 163]",0.0,0.5
M4 HSV chroma,hellinger,00021.jpg,[245],245,"[245, 57, 257, 281, 247]",1.0,1.0
M4 HSV chroma,hellinger,00022.jpg,[257],257,"[257, 247, 153, 269, 213]",1.0,1.0
M4 HSV chroma,hellinger,00023.jpg,[182],46,"[46, 151, 186, 224, 79]",0.0,0.0
M4 HSV chroma,hellinger,00024.jpg,[262],262,"[262, 144, 241, 221, 249]",1.0,1.0
M4 HSV chroma,hellinger,00025.jpg,[38],38,"[38, 2, 229, 180, 173]",1.0,1.0
M4 HSV chroma,hellinger,00026.jpg,[238],148,"[148, 102, 38, 59, 118]",0.0,0.0
M4 HSV chroma,hellinger,00027.jpg,[67],20,"[20, 47, 38, 182, 42]",0.0,0.0
M4 HSV chroma,hellinger,00028.jpg,[86],251,"[251, 31, 50, 246, 25]",0.0,0.0
M4 HSV chroma,hellinger,00029.jpg,[133],133,"[133, 218, 157, 168, 3]",1.0,1.0
M4 HSV chroma,cosine,00000.jpg,[120],128,"[128, 222, 278, 162, 46]",0.0,0.0
M4 HSV chroma,cosine,00001.jpg,[170],64,"[64, 61, 228, 168, 23]",0.0,0.0
M4 HSV chroma,cosine,00002.jpg,[277],277,"[277, 138, 147, 204, 279]",1.0,1.0
M4 HSV chroma,cosine,00003.jpg,[227],227,"[227, 283, 78, 69, 221]",1.0,1.0
M4 HSV chroma,cosine,00004.jpg,[251],251,"[251, 104, 110, 154, 93]",1.0,1.0
M4 HSV chroma,cosine,00005.jpg,[274],280,"[280, 261, 213, 257, 131]",0.0,0.0
M4 HSV chroma,cosine,00006.jpg,[285],246,"[246, 203, 22, 276, 51]",0.0,0.0
M4 HSV chroma,cosine,00007.jpg,[258],11,"[11, 49, 17, 258, 198]",0.0,0.25
M4 HSV chroma,cosine,00008.jpg,[117],206,"[206, 273, 67, 258, 18]",0.0,0.0
M4 HSV chroma,cosine,00009.jpg,[203],203,"[203, 157, 51, 137, 276]",1.0,1.0
M4 HSV chroma,cosine,00010.jpg,[192],29,"[29, 239, 192, 259, 39]",0.0,0.3333333333333333
M4 HSV chroma,cosine,00011.jpg,[22],202,"[202, 50, 200, 137, 12]",0.0,0.0
M4 HSV chroma,cosine,00012.jpg,[113],154,"[154, 170, 130, 225, 27]",0.0,0.0
M4 HSV chroma,cosine,00013.jpg,[101],117,"[117, 59, 180, 85, 8]",0.0,0.0
M4 HSV chroma,cosine,00014.jpg,[174],143,"[143, 115, 149, 281, 131]",0.0,0.0
M4 HSV chroma,cosine,00015.jpg,[155],155,"[155, 45, 122, 76, 140]",1.0,1.0
M4 HSV chroma,cosine,00016.jpg,[270],275,"[275, 224, 97, 212, 214]",0.0,0.0
M4 HSV chroma,cosine,00017.jpg,[47],127,"[127, 36, 67, 106, 68]",0.0,0.0
M4 HSV chroma,cosine,00018.jpg,[286],286,"[286, 6, 123, 116, 28]",1.0,1.0
M4 HSV chroma,cosine,00019.jpg,[215],276,"[276, 51, 192, 284, 66]",0.0,0.0
M4 HSV chroma,cosine,00020.jpg,[262],262,"[262, 205, 284, 241, 16]",1.0,1.0
M4 HSV chroma,cosine,00021.jpg,[245],281,"[281, 257, 245, 196, 33]",0.0,0.3333333333333333
M4 HSV chroma,cosine,00022.jpg,[257],153,"[153, 247, 257, 33, 240]",0.0,0.3333333333333333
M4 HSV chroma,cosine,00023.jpg,[182],151,"[151, 224, 274, 14, 79]",0.0,0.0
M4 HSV chroma,cosine,00024.jpg,[262],262,"[262, 241, 202, 285, 243]",1.0,1.0
M4 HSV chroma,cosine,00025.jpg,[38],38,"[38, 189, 2, 168, 64]",1.0,1.0
M4 HSV chroma,cosine,00026.jpg,[238],148,"[148, 226, 161, 101, 201]",0.0,0.0
M4 HSV chroma,cosine,00027.jpg,[67],47,"[47, 20, 272, 2, 150]",0.0,0.0
M4 HSV chroma,cosine,00028.jpg,[86],31,"[31, 235, 251, 50, 246]",0.0,0.0
M4 HSV chroma,cosine,00029.jpg,[133],133,"[133, 218, 157, 3, 132]",1.0,1.0
M4 HSV chroma,correlation,00000.jpg,[120],128,"[128, 222, 278, 162, 46]",0.0,0.0
M4 HSV chroma,correlation,00001.jpg,[170],64,"[64, 2, 35, 61, 168]",0.0,0.0
M4 HSV chroma,correlation,00002.jpg,[277],277,"[277, 138, 147, 204, 279]",1.0,1.0
M4 HSV chroma,correlation,00003.jpg,[227],227,"[227, 283, 78, 44, 221]",1.0,1.0
M4 HSV chroma,correlation,00004.jpg,[251],251,"[251, 104, 110, 154, 93]",1.0,1.0
M4 HSV chroma,correlation,00005.jpg,[274],261,"[261, 280, 213, 257, 131]",0.0,0.0
M4 HSV chroma,correlation,00006.jpg,[285],246,"[246, 203, 22, 276, 51]",0.0,0.0
M4 HSV chroma,correlation,00007.jpg,[258],11,"[11, 49, 17, 0, 21]",0.0,0.0
M4 HSV chroma,correlation,00008.jpg,[117],206,"[206, 273, 67, 18, 258]",0.0,0.0
M4 HSV chroma,correlation,00009.jpg,[203],203,"[203, 157, 51, 137, 58]",1.0,1.0
M4 HSV chroma,correlation,00010.jpg,[192],29,"[29, 239, 192, 259, 39]",0.0,0.3333333333333333
M4 HSV chroma,correlation,00011.jpg,[22],202,"[202, 50, 200, 137, 284]",0.0,0.0
M4 HSV chroma,correlation,00012.jpg,[113],154,"[154, 170, 27, 130, 225]",0.0,0.0
M4 HSV chroma,correlation,00013.jpg,[101],117,"[117, 59, 85, 180, 182]",0.0,0.0
M4 HSV chroma,correlation,00014.jpg,[174],143,"[143, 115, 281, 149, 131]",0.0,0.0
M4 HSV chroma,correlation,00015.jpg,[155],155,"[155, 45, 122, 76, 43]",1.0,1.0
M4 HSV chroma,correlation,00016.jpg,[270],275,"[275, 224, 97, 212, 214]",0.0,0.0
M4 HSV chroma,correlation,00017.jpg,[47],127,"[127, 36, 67, 106, 126]",0.0,0.0
M4 HSV chroma,correlation,00018.jpg,[286],286,"[286, 6, 116, 123, 28]",1.0,1.0
M4 HSV chroma,correlation,00019.jpg,[215],276,"[276, 51, 192, 66, 284]",0.0,0.0
M4 HSV chroma,correlation,00020.jpg,[262],262,"[262, 184, 205, 187, 16]",1.0,1.0
M4 HSV chroma,correlation,00021.jpg,[245],281,"[281, 216, 17, 280, 257]",0.0,0.0
M4 HSV chroma,correlation,00022.jpg,[257],153,"[153, 247, 257, 33, 240]",0.0,0.3333333333333333
M4 HSV chroma,correlation,00023.jpg,[182],151,"[151, 274, 224, 79, 14]",0.0,0.0
M4 HSV chroma,correlation,00024.jpg,[262],262,"[262, 202, 285, 184, 200]",1.0,1.0
M4 HSV chroma,correlation,00025.jpg,[38],38,"[38, 189, 2, 168, 64]",1.0,1.0
M4 HSV chroma,correlation,00026.jpg,[238],148,"[148, 226, 161, 101, 201]",0.0,0.0
M4 HSV chroma,correlation,00027.jpg,[67],47,"[47, 20, 272, 2, 150]",0.0,0.0
M4 HSV chroma,correlation,00028.jpg,[86],31,"[31, 235, 251, 50, 25]",0.0,0.0
M4 HSV chroma,correlation,00029.jpg,[133],133,"[133, 218, 157, 3, 8]",1.0,1.0
M4 HSV chroma,jensen_shannon,00000.jpg,[120],222,"[222, 128, 79, 152, 46]",0.0,0.0
M4 HSV chroma,jensen_shannon,00001.jpg,[170],64,"[64, 271, 133, 218, 244]",0.0,0.0
M4 HSV chroma,jensen_shannon,00002.jpg,[277],277,"[277, 225, 72, 156, 204]",1.0,1.0
M4 HSV chroma,jensen_shannon,00003.jpg,[227],227,"[227, 69, 113, 140, 87]",1.0,1.0
M4 HSV chroma,jensen_shannon,00004.jpg,[251],251,"[251, 19, 142, 93, 110]",1.0,1.0
M4 HSV chroma,jensen_shannon,00005.jpg,[274],240,"[240, 213, 280, 278, 208]",0.0,0.0
M4 HSV chroma,jensen_shannon,00006.jpg,[285],50,"[50, 246, 22, 145, 203]",0.0,0.0
M4 HSV chroma,jensen_shannon,00007.jpg,[258],258,"[258, 11, 198, 49, 17]",1.0,1.0
M4 HSV chroma,jensen_shannon,00008.jpg,[117],0,"[0, 206, 188, 150, 210]",0.0,0.0
M4 HSV chroma,jensen_shannon,00009.jpg,[203],203,"[203, 16, 137, 200, 86]",1.0,1.0
M4 HSV chroma,jensen_shannon,00010.jpg,[192],259,"[259, 276, 239, 29, 192]",0.0,0.2
M4 HSV chroma,jensen_shannon,00011.jpg,[22],22,"[22, 203, 50, 200, 202]",1.0,1.0
M4 HSV chroma,jensen_shannon,00012.jpg,[113],130,"[130, 154, 276, 225, 170]",0.0,0.0
M4 HSV chroma,jensen_shannon,00013.jpg,[101],111,"[111, 117, 232, 180, 226]",0.0,0.0
M4 HSV chroma,jensen_shannon,00014.jpg,[174],110,"[110, 149, 143, 242, 195]",0.0,0.0
M4 HSV chroma,jensen_shannon,00015.jpg,[155],155,"[155, 140, 45, 69, 76]",1.0,1.0
M4 HSV chroma,jensen_shannon,00016.jpg,[270],224,"[224, 212, 97, 128, 214]",0.0,0.0
M4 HSV chroma,jensen_shannon,00017.jpg,[47],106,"[106, 127, 68, 268, 258]",0.0,0.0
M4 HSV chroma,jensen_shannon,00018.jpg,[286],286,"[286, 123, 116, 6, 234]",1.0,1.0
M4 HSV chroma,jensen_shannon,00019.jpg,[215],29,"[29, 276, 51, 39, 103]",0.0,0.0
M4 HSV chroma,jensen_shannon,00020.jpg,[262],69,"[69, 262, 284, 163, 84]",0.0,0.5
M4 HSV chroma,jensen_shannon,00021.jpg,[245],245,"[245, 57, 281, 257, 247]",1.0,1.0
M4 HSV chroma,jensen_shannon,00022.jpg,[257],257,"[257, 247, 153, 269, 213]",1.0,1.0
M4 HSV chroma,jensen_shannon,00023.jpg,[182],46,"[46, 151, 79, 186, 224]",0.0,0.0
M4 HSV chroma,jensen_shannon,00024.jpg,[262],262,"[262, 144, 241, 133, 249]",1.0,1.0
M4 HSV chroma,jensen_shannon,00025.jpg,[38],38,"[38, 2, 229, 180, 189]",1.0,1.0
M4 HSV chroma,jensen_shannon,00026.jpg,[238],148,"[148, 59, 226, 102, 38]",0.0,0.0
M4 HSV chroma,jensen_shannon,00027.jpg,[67],20,"[20, 47, 38, 182, 42]",0.0,0.0
M4 HSV chroma,jensen_shannon,00028.jpg,[86],251,"[251, 31, 50, 246, 25]",0.0,0.0
M4 HSV chroma,jensen_shannon,00029.jpg,[133],133,"[133, 218, 157, 3, 168]",1.0,1.0
M4 HSV chroma,emd,00000.jpg,[120],125,"[125, 79, 226, 151, 236]",0.0,0.0
M4 HSV chroma,emd,00001.jpg,[170],57,"[57, 281, 123, 133, 70]",0.0,0.0
M4 HSV chroma,emd,00002.jpg,[277],277,"[277, 134, 0, 15, 147]",1.0,1.0
M4 HSV chroma,emd,00003.jpg,[227],227,"[227, 155, 122, 45, 113]",1.0,1.0
M4 HSV chroma,emd,00004.jpg,[251],251,"[251, 19, 129, 259, 25]",1.0,1.0
M4 HSV chroma,emd,00005.jpg,[274],274,"[274, 278, 238, 46, 128]",1.0,1.0
M4 HSV chroma,emd,00006.jpg,[285],25,"[25, 50, 246, 22, 105]",0.0,0.0
M4 HSV chroma,emd,00007.jpg,[258],258,"[258, 49, 5, 108, 36]",1.0,1.0
M4 HSV chroma,emd,00008.jpg,[117],117,"[117, 234, 210, 123, 9]",1.0,1.0
M4 HSV chroma,emd,00009.jpg,[203],137,"[137, 200, 16, 12, 86]",0.0,0.0
M4 HSV chroma,emd,00010.jpg,[192],259,"[259, 239, 276, 154, 176]",0.0,0.0
M4 HSV chroma,emd,00011.jpg,[22],22,"[22, 92, 27, 200, 242]",1.0,1.0
M4 HSV chroma,emd,00012.jpg,[113],192,"[192, 39, 29, 66, 156]",0.0,0.0
M4 HSV chroma,emd,00013.jpg,[101],101,"[101, 150, 152, 232, 226]",1.0,1.0
M4 HSV chroma,emd,00014.jpg,[174],235,"[235, 285, 115, 195, 242]",0.0,0.0
M4 HSV chroma,emd,00015.jpg,[155],155,"[155, 45, 227, 140, 87]",1.0,1.0
M4 HSV chroma,emd,00016.jpg,[270],224,"[224, 97, 128, 214, 212]",0.0,0.0
M4 HSV chroma,emd,00017.jpg,[47],68,"[68, 106, 11, 75, 258]",0.0,0.0
M4 HSV chroma,emd,00018.jpg,[286],286,"[286, 116, 260, 245, 171]",1.0,1.0
M4 HSV chroma,emd,00019.jpg,[215],29,"[29, 192, 239, 223, 276]",0.0,0.0
M4 HSV chroma,emd,00020.jpg,[262],63,"[63, 69, 237, 144, 249]",0.0,0.0
M4 HSV chroma,emd,00021.jpg,[245],245,"[245, 153, 196, 94, 257]",1.0,1.0
M4 HSV chroma,emd,00022.jpg,[257],247,"[247, 269, 44, 283, 221]",0.0,0.0
M4 HSV chroma,emd,00023.jpg,[182],46,"[46, 182, 186, 224, 236]",0.0,0.5
M4 HSV chroma,emd,00024.jpg,[262],144,"[144, 63, 262, 94, 249]",0.0,0.3333333333333333
M4 HSV chroma,emd,00025.jpg,[38],118,"[118, 204, 183, 64, 141]",0.0,0.0
M4 HSV chroma,emd,00026.jpg,[238],74,"[74, 98, 148, 146, 34]",0.0,0.0
M4 HSV chroma,emd,00027.jpg,[67],67,"[67, 151, 127, 206, 182]",1.0,1.0
M4 HSV chroma,emd,00028.jpg,[86],251,"[251, 50, 259, 25, 246]",0.0,0.0
M4 HSV chroma,emd,00029.jpg,[133],133,"[133, 3, 70, 218, 81]",1.0,1.0
M5 CLAHE LAB,euclidean,00000.jpg,[120],229,"[229, 182, 101, 184, 222]",0.0,0.0
M5 CLAHE LAB,euclidean,00001.jpg,[170],286,"[286, 170, 196, 116, 133]",0.0,0.5
M5 CLAHE LAB,euclidean,00002.jpg,[277],277,"[277, 190, 274, 197, 126]",1.0,1.0
M5 CLAHE LAB,euclidean,00003.jpg,[227],227,"[227, 140, 94, 69, 233]",1.0,1.0
M5 CLAHE LAB,euclidean,00004.jpg,[251],251,"[251, 172, 250, 76, 19]",1.0,1.0
M5 CLAHE LAB,euclidean,00005.jpg,[274],216,"[216, 198, 128, 240, 238]",0.0,0.0
M5 CLAHE LAB,euclidean,00006.jpg,[285],50,"[50, 285, 27, 4, 105]",0.0,0.5
M5 CLAHE LAB,euclidean,00007.jpg,[258],258,"[258, 128, 198, 11, 106]",1.0,1.0
M5 CLAHE LAB,euclidean,00008.jpg,[117],0,"[0, 218, 126, 64, 207]",0.0,0.0
M5 CLAHE LAB,euclidean,00009.jpg,[203],203,"[203, 86, 161, 12, 228]",1.0,1.0
M5 CLAHE LAB,euclidean,00010.jpg,[192],29,"[29, 174, 259, 27, 51]",0.0,0.0
M5 CLAHE LAB,euclidean,00011.jpg,[22],22,"[22, 211, 16, 178, 205]",1.0,1.0
M5 CLAHE LAB,euclidean,00012.jpg,[113],174,"[174, 225, 31, 4, 259]",0.0,0.0
M5 CLAHE LAB,euclidean,00013.jpg,[101],101,"[101, 222, 182, 226, 229]",1.0,1.0
M5 CLAHE LAB,euclidean,00014.jpg,[174],174,"[174, 154, 156, 149, 195]",1.0,1.0
M5 CLAHE LAB,euclidean,00015.jpg,[155],155,"[155, 140, 265, 96, 253]",1.0,1.0
M5 CLAHE LAB,euclidean,00016.jpg,[270],212,"[212, 252, 194, 270, 189]",0.0,0.25
M5 CLAHE LAB,euclidean,00017.jpg,[47],75,"[75, 77, 197, 5, 108]",0.0,0.0
M5 CLAHE LAB,euclidean,00018.jpg,[286],286,"[286, 171, 116, 133, 281]",1.0,1.0
M5 CLAHE LAB,euclidean,00019.jpg,[215],215,"[215, 253, 39, 193, 82]",1.0,1.0
M5 CLAHE LAB,euclidean,00020.jpg,[262],260,"[260, 3, 62, 94, 221]",0.0,0.0
M5 CLAHE LAB,euclidean,00021.jpg,[245],196,"[196, 57, 245, 221, 286]",0.0,0.3333333333333333
M5 CLAHE LAB,euclidean,00022.jpg,[257],138,"[138, 130, 37, 139, 257]",0.0,0.2
M5 CLAHE LAB,euclidean,00023.jpg,[182],182,"[182, 186, 101, 229, 148]",1.0,1.0
M5 CLAHE LAB,euclidean,00024.jpg,[262],62,"[62, 260, 3, 94, 221]",0.0,0.0
M5 CLAHE LAB,euclidean,00025.jpg,[38],38,"[38, 218, 206, 64, 271]",1.0,1.0
M5 CLAHE LAB,euclidean,00026.jpg,[238],173,"[173, 231, 213, 128, 17]",0.0,0.0
M5 CLAHE LAB,euclidean,00027.jpg,[67],101,"[101, 114, 186, 182, 229]",0.0,0.0
M5 CLAHE LAB,euclidean,00028.jpg,[86],66,"[66, 105, 154, 145, 249]",0.0,0.0
M5 CLAHE LAB,euclidean,00029.jpg,[133],133,"[133, 286, 218, 196, 126]",1.0,1.0
M5 CLAHE LAB,L1,00000.jpg,[120],229,"[229, 182, 222, 101, 184]",0.0,0.0
M5 CLAHE LAB,L1,00001.jpg,[170],170,"[170, 286, 281, 23, 196]",1.0,1.0
M5 CLAHE LAB,L1,00002.jpg,[277],277,"[277, 190, 2, 197, 208]",1.0,1.0
M5 CLAHE LAB,L1,00003.jpg,[227],227,"[227, 221, 140, 233, 94]",1.0,1.0
M5 CLAHE LAB,L1,00004.jpg,[251],251,"[251, 172, 250, 19, 107]",1.0,1.0
M5 CLAHE LAB,L1,00005.jpg,[274],216,"[216, 128, 198, 240, 238]",0.0,0.0
M5 CLAHE LAB,L1,00006.jpg,[285],285,"[285, 50, 105, 235, 31]",1.0,1.0
M5 CLAHE LAB,L1,00007.jpg,[258],258,"[258, 128, 198, 11, 46]",1.0,1.0
M5 CLAHE LAB,L1,00008.jpg,[117],117,"[117, 0, 126, 257, 190]",1.0,1.0
M5 CLAHE LAB,L1,00009.jpg,[203],203,"[203, 86, 137, 12, 109]",1.0,1.0
M5 CLAHE LAB,L1,00010.jpg,[192],259,"[259, 174, 27, 31, 29]",0.0,0.0
M5 CLAHE LAB,L1,00011.jpg,[22],22,"[22, 211, 16, 12, 14]",1.0,1.0
M5 CLAHE LAB,L1,00012.jpg,[113],174,"[174, 259, 31, 225, 72]",0.0,0.0
M5 CLAHE LAB,L1,00013.jpg,[101],101,"[101, 226, 222, 272, 182]",1.0,1.0
M5 CLAHE LAB,L1,00014.jpg,[174],149,"[149, 174, 195, 145, 115]",0.0,0.5
M5 CLAHE LAB,L1,00015.jpg,[155],155,"[155, 140, 132, 265, 215]",1.0,1.0
M5 CLAHE LAB,L1,00016.jpg,[270],212,"[212, 270, 186, 252, 90]",0.0,0.5
M5 CLAHE LAB,L1,00017.jpg,[47],77,"[77, 75, 197, 5, 49]",0.0,0.0
M5 CLAHE LAB,L1,00018.jpg,[286],286,"[286, 133, 23, 260, 64]",1.0,1.0
M5 CLAHE LAB,L1,00019.jpg,[215],215,"[215, 253, 39, 235, 193]",1.0,1.0
M5 CLAHE LAB,L1,00020.jpg,[262],260,"[260, 248, 227, 26, 282]",0.0,0.0
M5 CLAHE LAB,L1,00021.jpg,[245],245,"[245, 196, 221, 57, 257]",1.0,1.0
M5 CLAHE LAB,L1,00022.jpg,[257],257,"[257, 286, 138, 57, 196]",1.0,1.0
M5 CLAHE LAB,L1,00023.jpg,[182],182,"[182, 186, 212, 97, 270]",1.0,1.0
M5 CLAHE LAB,L1,00024.jpg,[262],260,"[260, 64, 32, 23, 3]",0.0,0.0
M5 CLAHE LAB,L1,00025.jpg,[38],38,"[38, 241, 218, 64, 150]",1.0,1.0
M5 CLAHE LAB,L1,00026.jpg,[238],173,"[173, 121, 238, 240, 128]",0.0,0.3333333333333333
M5 CLAHE LAB,L1,00027.jpg,[67],101,"[101, 67, 182, 114, 186]",0.0,0.5
M5 CLAHE LAB,L1,00028.jpg,[86],154,"[154, 105, 66, 29, 145]",0.0,0.0
M5 CLAHE LAB,L1,00029.jpg,[133],133,"[133, 218, 123, 286, 126]",1.0,1.0
M5 CLAHE LAB,chi2,00000.jpg,[120],229,"[229, 184, 182, 232, 101]",0.0,0.0
M5 CLAHE LAB,chi2,00001.jpg,[170],286,"[286, 170, 23, 281, 241]",0.0,0.5
M5 CLAHE LAB,chi2,00002.jpg,[277],277,"[277, 208, 120, 190, 2]",1.0,1.0
M5 CLAHE LAB,chi2,00003.jpg,[227],227,"[227, 140, 221, 144, 78]",1.0,1.0
M5 CLAHE LAB,chi2,00004.jpg,[251],251,"[251, 172, 19, 250, 66]",1.0,1.0
M5 CLAHE LAB,chi2,00005.jpg,[274],128,"[128, 216, 240, 198, 238]",0.0,0.0
M5 CLAHE LAB,chi2,00006.jpg,[285],285,"[285, 50, 13, 235, 31]",1.0,1.0
M5 CLAHE LAB,chi2,00007.jpg,[258],258,"[258, 46, 198, 128, 106]",1.0,1.0
M5 CLAHE LAB,chi2,00008.jpg,[117],0,"[0, 117, 126, 10, 218]",0.0,0.5
M5 CLAHE LAB,chi2,00009.jpg,[203],203,"[203, 86, 149, 137, 27]",1.0,1.0
M5 CLAHE LAB,chi2,00010.jpg,[192],259,"[259, 72, 174, 31, 29]",0.0,0.0
M5 CLAHE LAB,chi2,00011.jpg,[22],22,"[22, 211, 16, 14, 12]",1.0,1.0
M5 CLAHE LAB,chi2,00012.jpg,[113],259,"[259, 174, 72, 225, 130]",0.0,0.0
M5 CLAHE LAB,chi2,00013.jpg,[101],101,"[101, 79, 226, 272, 222]",1.0,1.0
M5 CLAHE LAB,chi2,00014.jpg,[174],149,"[149, 174, 115, 242, 109]",0.0,0.5
M5 CLAHE LAB,chi2,00015.jpg,[155],155,"[155, 140, 45, 132, 84]",1.0,1.0
M5 CLAHE LAB,chi2,00016.jpg,[270],212,"[212, 186, 270, 90, 189]",0.0,0.3333333333333333
M5 CLAHE LAB,chi2,00017.jpg,[47],77,"[77, 75, 49, 5, 197]",0.0,0.0
M5 CLAHE LAB,chi2,00018.jpg,[286],286,"[286, 133, 260, 126, 23]",1.0,1.0
M5 CLAHE LAB,chi2,00019.jpg,[215],215,"[215, 39, 253, 193, 239]",1.0,1.0
M5 CLAHE LAB,chi2,00020.jpg,[262],260,"[260, 26, 248, 282, 64]",0.0,0.0
M5 CLAHE LAB,chi2,00021.jpg,[245],245,"[245, 196, 57, 221, 241]",1.0,1.0
M5 CLAHE LAB,chi2,00022.jpg,[257],257,"[257, 210, 138, 196, 57]",1.0,1.0
M5 CLAHE LAB,chi2,00023.jpg,[182],186,"[186, 182, 212, 97, 141]",0.0,0.5
M5 CLAHE LAB,chi2,00024.jpg,[262],260,"[260, 133, 64, 264, 23]",0.0,0.0
M5 CLAHE LAB,chi2,00025.jpg,[38],241,"[241, 38, 218, 110, 206]",0.0,0.5
M5 CLAHE LAB,chi2,00026.jpg,[238],121,"[121, 173, 231, 213, 240]",0.0,0.0
M5 CLAHE LAB,chi2,00027.jpg,[67],67,"[67, 182, 275, 101, 38]",1.0,1.0
M5 CLAHE LAB,chi2,00028.jpg,[86],105,"[105, 154, 66, 27, 276]",0.0,0.0
M5 CLAHE LAB,chi2,00029.jpg,[133],133,"[133, 126, 218, 286, 123]",1.0,1.0
M5 CLAHE LAB,intersection,00000.jpg,[120],229,"[229, 182, 222, 101, 184]",0.0,0.0
M5 CLAHE LAB,intersection,00001.jpg,[170],170,"[170, 286, 281, 23, 196]",1.0,1.0
M5 CLAHE LAB,intersection,00002.jpg,[277],277,"[277, 190, 2, 197, 208]",1.0,1.0
M5 CLAHE LAB,intersection,00003.jpg,[227],227,"[227, 221, 140, 233, 94]",1.0,1.0
M5 CLAHE LAB,intersection,00004.jpg,[251],251,"[251, 172, 250, 19, 107]",1.0,1.0
M5 CLAHE LAB,intersection,00005.jpg,[274],216,"[216, 128, 198, 240, 238]",0.0,0.0
M5 CLAHE LAB,intersection,00006.jpg,[285],285,"[285, 50, 105, 235, 31]",1.0,1.0
M5 CLAHE LAB,intersection,00007.jpg,[258],258,"[258, 128, 198, 11, 46]",1.0,1.0
M5 CLAHE LAB,intersection,00008.jpg,[117],117,"[117, 0, 126, 257, 190]",1.0,1.0
M5 CLAHE LAB,intersection,00009.jpg,[203],203,"[203, 86, 137, 12, 109]",1.0,1.0
M5 CLAHE LAB,intersection,00010.jpg,[192],259,"[259, 174, 27, 31, 29]",0.0,0.0
M5 CLAHE LAB,intersection,00011.jpg,[22],22,"[22, 211, 16, 12, 14]",1.0,1.0
M5 CLAHE LAB,intersection,00012.jpg,[113],174,"[174, 259, 31, 225, 72]",0.0,0.0
M5 CLAHE LAB,intersection,00013.jpg,[101],101,"[101, 226, 222, 272, 182]",1.0,1.0
M5 CLAHE LAB,intersection,00014.jpg,[174],149,"[149, 174, 195, 145, 115]",0.0,0.5
M5 CLAHE LAB,intersection,00015.jpg,[155],155,"[155, 140, 132, 265, 215]",1.0,1.0
M5 CLAHE LAB,intersection,00016.jpg,[270],212,"[212, 270, 186, 252, 90]",0.0,0.5
M5 CLAHE LAB,intersection,00017.jpg,[47],77,"[77, 75, 197, 5, 49]",0.0,0.0
M5 CLAHE LAB,intersection,00018.jpg,[286],286,"[286, 133, 23, 260, 64]",1.0,1.0
M5 CLAHE LAB,intersection,00019.jpg,[215],215,"[215, 253, 39, 235, 193]",1.0,1.0
M5 CLAHE LAB,intersection,00020.jpg,[262],260,"[260, 248, 227, 26, 282]",0.0,0.0
M5 CLAHE LAB,intersection,00021.jpg,[245],245,"[245, 196, 221, 57, 257]",1.0,1.0
M5 CLAHE LAB,intersection,00022.jpg,[257],257,"[257, 286, 138, 57, 196]",1.0,1.0
M5 CLAHE LAB,intersection,00023.jpg,[182],182,"[182, 186, 212, 97, 270]",1.0,1.0
M5 CLAHE LAB,intersection,00024.jpg,[262],260,"[260, 64, 32, 23, 3]",0.0,0.0
M5 CLAHE LAB,intersection,00025.jpg,[38],38,"[38, 241, 218, 64, 150]",1.0,1.0
M5 CLAHE LAB,intersection,00026.jpg,[238],173,"[173, 121, 238, 240, 128]",0.0,0.3333333333333333
M5 CLAHE LAB,intersection,00027.jpg,[67],101,"[101, 67, 182, 114, 186]",0.0,0.5
M5 CLAHE LAB,intersection,00028.jpg,[86],154,"[154, 105, 66, 29, 145]",0.0,0.0
M5 CLAHE LAB,intersection,00029.jpg,[133],133,"[133, 218, 123, 286, 126]",1.0,1.0
M5 CLAHE LAB,hellinger,00000.jpg,[120],182,"[182, 184, 229, 232, 120]",0.0,0.2
M5 CLAHE LAB,hellinger,00001.jpg,[170],286,"[286, 170, 23, 281, 241]",0.0,0.5
M5 CLAHE LAB,hellinger,00002.jpg,[277],277,"[277, 120, 190, 274, 281]",1.0,1.0
M5 CLAHE LAB,hellinger,00003.jpg,[227],227,"[227, 140, 144, 233, 221]",1.0,1.0
M5 CLAHE LAB,hellinger,00004.jpg,[251],251,"[251, 172, 19, 66, 167]",1.0,1.0
M5 CLAHE LAB,hellinger,00005.jpg,[274],216,"[216, 128, 240, 198, 238]",0.0,0.0
M5 CLAHE LAB,hellinger,00006.jpg,[285],50,"[50, 285, 13, 31, 235]",0.0,0.5
M5 CLAHE LAB,hellinger,00007.jpg,[258],258,"[258, 46, 198, 106, 128]",1.0,1.0
M5 CLAHE LAB,hellinger,00008.jpg,[117],117,"[117, 126, 218, 207, 0]",1.0,1.0
M5 CLAHE LAB,hellinger,00009.jpg,[203],203,"[203, 149, 86, 137, 51]",1.0,1.0
M5 CLAHE LAB,hellinger,00010.jpg,[192],259,"[259, 174, 72, 51, 29]",0.0,0.0
M5 CLAHE LAB,hellinger,00011.jpg,[22],22,"[22, 211, 14, 12, 16]",1.0,1.0
M5 CLAHE LAB,hellinger,00012.jpg,[113],259,"[259, 174, 72, 225, 130]",0.0,0.0
M5 CLAHE LAB,hellinger,00013.jpg,[101],101,"[101, 79, 151, 226, 272]",1.0,1.0
M5 CLAHE LAB,hellinger,00014.jpg,[174],149,"[149, 109, 174, 115, 242]",0.0,0.3333333333333333
M5 CLAHE LAB,hellinger,00015.jpg,[155],155,"[155, 140, 132, 96, 45]",1.0,1.0
M5 CLAHE LAB,hellinger,00016.jpg,[270],212,"[212, 270, 226, 189, 186]",0.0,0.5
M5 CLAHE LAB,hellinger,00017.jpg,[47],77,"[77, 75, 49, 5, 197]",0.0,0.0
M5 CLAHE LAB,hellinger,00018.jpg,[286],286,"[286, 133, 126, 23, 260]",1.0,1.0
M5 CLAHE LAB,hellinger,00019.jpg,[215],215,"[215, 39, 193, 253, 239]",1.0,1.0
M5 CLAHE LAB,hellinger,00020.jpg,[262],26,"[26, 248, 260, 64, 61]",0.0,0.0
M5 CLAHE LAB,hellinger,00021.jpg,[245],245,"[245, 57, 241, 196, 257]",1.0,1.0
M5 CLAHE LAB,hellinger,00022.jpg,[257],257,"[257, 210, 57, 196, 138]",1.0,1.0
M5 CLAHE LAB,hellinger,00023.jpg,[182],186,"[186, 182, 212, 97, 141]",0.0,0.5
M5 CLAHE LAB,hellinger,00024.jpg,[262],260,"[260, 64, 262, 133, 264]",0.0,0.3333333333333333
M5 CLAHE LAB,hellinger,00025.jpg,[38],241,"[241, 38, 110, 206, 188]",0.0,0.5
M5 CLAHE LAB,hellinger,00026.jpg,[238],121,"[121, 173, 213, 231, 240]",0.0,0.0
M5 CLAHE LAB,hellinger,00027.jpg,[67],67,"[67, 182, 275, 101, 38]",1.0,1.0
M5 CLAHE LAB,hellinger,00028.jpg,[86],154,"[154, 105, 27, 66, 276]",0.0,0.0
M5 CLAHE LAB,hellinger,00029.jpg,[133],133,"[133, 126, 218, 286, 123]",1.0,1.0
M5 CLAHE LAB,cosine,00000.jpg,[120],229,"[229, 184, 182, 232, 101]",0.0,0.0
M5 CLAHE LAB,cosine,00001.jpg,[170],286,"[286, 133, 196, 170, 116]",0.0,0.25
M5 CLAHE LAB,cosine,00002.jpg,[277],208,"[208, 273, 190, 162, 274]",0.0,0.0
M5 CLAHE LAB,cosine,00003.jpg,[227],227,"[227, 221, 94, 140, 233]",1.0,1.0
M5 CLAHE LAB,cosine,00004.jpg,[251],251,"[251, 172, 250, 256, 19]",1.0,1.0
M5 CLAHE LAB,cosine,00005.jpg,[274],238,"[238, 240, 216, 128, 198]",0.0,0.0
M5 CLAHE LAB,cosine,00006.jpg,[285],50,"[50, 285, 4, 27, 58]",0.0,0.5
M5 CLAHE LAB,cosine,00007.jpg,[258],258,"[258, 128, 198, 11, 46]",1.0,1.0
M5 CLAHE LAB,cosine,00008.jpg,[117],197,"[197, 0, 77, 83, 73]",0.0,0.0
M5 CLAHE LAB,cosine,00009.jpg,[203],203,"[203, 86, 228, 12, 161]",1.0,1.0
M5 CLAHE LAB,cosine,00010.jpg,[192],29,"[29, 174, 259, 27, 51]",0.0,0.0
M5 CLAHE LAB,cosine,00011.jpg,[22],22,"[22, 16, 211, 178, 205]",1.0,1.0
M5 CLAHE LAB,cosine,00012.jpg,[113],174,"[174, 31, 225, 37, 4]",0.0,0.0
M5 CLAHE LAB,cosine,00013.jpg,[101],101,"[101, 85, 222, 97, 182]",1.0,1.0
M5 CLAHE LAB,cosine,00014.jpg,[174],156,"[156, 154, 174, 149, 195]",0.0,0.3333333333333333
M5 CLAHE LAB,cosine,00015.jpg,[155],155,"[155, 140, 45, 69, 265]",1.0,1.0
M5 CLAHE LAB,cosine,00016.jpg,[270],212,"[212, 252, 270, 205, 90]",0.0,0.3333333333333333
M5 CLAHE LAB,cosine,00017.jpg,[47],75,"[75, 77, 197, 108, 5]",0.0,0.0
M5 CLAHE LAB,cosine,00018.jpg,[286],286,"[286, 171, 133, 116, 281]",1.0,1.0
M5 CLAHE LAB,cosine,00019.jpg,[215],215,"[215, 253, 193, 39, 82]",1.0,1.0
M5 CLAHE LAB,cosine,00020.jpg,[262],260,"[260, 3, 62, 221, 166]",0.0,0.0
M5 CLAHE LAB,cosine,00021.jpg,[245],196,"[196, 57, 245, 286, 221]",0.0,0.3333333333333333
M5 CLAHE LAB,cosine,00022.jpg,[257],138,"[138, 130, 257, 37, 210]",0.0,0.3333333333333333
M5 CLAHE LAB,cosine,00023.jpg,[182],182,"[182, 186, 97, 101, 184]",1.0,1.0
M5 CLAHE LAB,cosine,00024.jpg,[262],62,"[62, 260, 3, 221, 94]",0.0,0.0
M5 CLAHE LAB,cosine,00025.jpg,[38],38,"[38, 206, 218, 271, 64]",1.0,1.0
M5 CLAHE LAB,cosine,00026.jpg,[238],173,"[173, 231, 213, 199, 128]",0.0,0.0
M5 CLAHE LAB,cosine,00027.jpg,[67],101,"[101, 182, 114, 186, 97]",0.0,0.0
M5 CLAHE LAB,cosine,00028.jpg,[86],66,"[66, 105, 154, 145, 235]",0.0,0.0
M5 CLAHE LAB,cosine,00029.jpg,[133],133,"[133, 286, 218, 196, 157]",1.0,1.0
M5 CLAHE LAB,correlation,00000.jpg,[120],184,"[184, 229, 182, 232, 101]",0.0,0.0
M5 CLAHE LAB,correlation,00001.jpg,[170],286,"[286, 133, 196, 170, 116]",0.0,0.25
M5 CLAHE LAB,correlation,00002.jpg,[277],208,"[208, 273, 162, 190, 274]",0.0,0.0
M5 CLAHE LAB,correlation,00003.jpg,[227],227,"[227, 221, 94, 233, 26]",1.0,1.0
M5 CLAHE LAB,correlation,00004.jpg,[251],251,"[251, 172, 250, 256, 19]",1.0,1.0
M5 CLAHE LAB,correlation,00005.jpg,[274],238,"[238, 240, 216, 128, 198]",0.0,0.0
M5 CLAHE LAB,correlation,00006.jpg,[285],50,"[50, 285, 4, 27, 58]",0.0,0.5
M5 CLAHE LAB,correlation,00007.jpg,[258],258,"[258, 128, 198, 11, 46]",1.0,1.0
M5 CLAHE LAB,correlation,00008.jpg,[117],197,"[197, 77, 0, 83, 73]",0.0,0.0
M5 CLAHE LAB,correlation,00009.jpg,[203],203,"[203, 86, 228, 12, 205]",1.0,1.0
M5 CLAHE LAB,correlation,00010.jpg,[192],29,"[29, 174, 259, 27, 51]",0.0,0.0
M5 CLAHE LAB,correlation,00011.jpg,[22],22,"[22, 16, 211, 178, 205]",1.0,1.0
M5 CLAHE LAB,correlation,00012.jpg,[113],174,"[174, 31, 225, 37, 4]",0.0,0.0
M5 CLAHE LAB,correlation,00013.jpg,[101],101,"[101, 85, 222, 97, 182]",1.0,1.0
M5 CLAHE LAB,correlation,00014.jpg,[174],156,"[156, 154, 174, 149, 31]",0.0,0.3333333333333333
M5 CLAHE LAB,correlation,00015.jpg,[155],155,"[155, 140, 45, 69, 84]",1.0,1.0
M5 CLAHE LAB,correlation,00016.jpg,[270],212,"[212, 252, 270, 205, 90]",0.0,0.3333333333333333
M5 CLAHE LAB,correlation,00017.jpg,[47],75,"[75, 77, 197, 108, 0]",0.0,0.0
M5 CLAHE LAB,correlation,00018.jpg,[286],286,"[286, 133, 171, 116, 281]",1.0,1.0
M5 CLAHE LAB,correlation,00019.jpg,[215],215,"[215, 253, 193, 39, 82]",1.0,1.0
M5 CLAHE LAB,correlation,00020.jpg,[262],260,"[260, 3, 62, 221, 166]",0.0,0.0
M5 CLAHE LAB,correlation,00021.jpg,[245],196,"[196, 57, 245, 286, 221]",0.0,0.3333333333333333
M5 CLAHE LAB,correlation,00022.jpg,[257],138,"[138, 130, 257, 210, 37]",0.0,0.3333333333333333
M5 CLAHE LAB,correlation,00023.jpg,[182],182,"[182, 186, 97, 101, 184]",1.0,1.0
M5 CLAHE LAB,correlation,00024.jpg,[262],62,"[62, 260, 3, 221, 166]",0.0,0.0
M5 CLAHE LAB,correlation,00025.jpg,[38],206,"[206, 38, 218, 271, 64]",0.0,0.5
M5 CLAHE LAB,correlation,00026.jpg,[238],173,"[173, 231, 199, 213, 33]",0.0,0.0
M5 CLAHE LAB,correlation,00027.jpg,[67],101,"[101, 182, 97, 114, 186]",0.0,0.0
M5 CLAHE LAB,correlation,00028.jpg,[86],66,"[66, 105, 154, 145, 235]",0.0,0.0
M5 CLAHE LAB,correlation,00029.jpg,[133],133,"[133, 286, 218, 196, 157]",1.0,1.0
M5 CLAHE LAB,jensen_shannon,00000.jpg,[120],184,"[184, 229, 182, 232, 194]",0.0,0.0
M5 CLAHE LAB,jensen_shannon,00001.jpg,[170],286,"[286, 170, 23, 281, 241]",0.0,0.5
M5 CLAHE LAB,jensen_shannon,00002.jpg,[277],277,"[277, 120, 190, 274, 208]",1.0,1.0
M5 CLAHE LAB,jensen_shannon,00003.jpg,[227],227,"[227, 140, 144, 221, 233]",1.0,1.0
M5 CLAHE LAB,jensen_shannon,00004.jpg,[251],251,"[251, 172, 19, 167, 66]",1.0,1.0
M5 CLAHE LAB,jensen_shannon,00005.jpg,[274],128,"[128, 216, 240, 198, 238]",0.0,0.0
M5 CLAHE LAB,jensen_shannon,00006.jpg,[285],50,"[50, 285, 13, 31, 235]",0.0,0.5
M5 CLAHE LAB,jensen_shannon,00007.jpg,[258],258,"[258, 46, 198, 128, 106]",1.0,1.0
M5 CLAHE LAB,jensen_shannon,00008.jpg,[117],117,"[117, 0, 126, 218, 207]",1.0,1.0
M5 CLAHE LAB,jensen_shannon,00009.jpg,[203],203,"[203, 149, 86, 137, 27]",1.0,1.0
M5 CLAHE LAB,jensen_shannon,00010.jpg,[192],259,"[259, 72, 174, 29, 31]",0.0,0.0
M5 CLAHE LAB,jensen_shannon,00011.jpg,[22],22,"[22, 211, 14, 12, 16]",1.0,1.0
M5 CLAHE LAB,jensen_shannon,00012.jpg,[113],259,"[259, 174, 72, 225, 130]",0.0,0.0
M5 CLAHE LAB,jensen_shannon,00013.jpg,[101],101,"[101, 79, 226, 272, 151]",1.0,1.0
M5 CLAHE LAB,jensen_shannon,00014.jpg,[174],149,"[149, 174, 109, 115, 242]",0.0,0.5
M5 CLAHE LAB,jensen_shannon,00015.jpg,[155],155,"[155, 140, 45, 132, 84]",1.0,1.0
M5 CLAHE LAB,jensen_shannon,00016.jpg,[270],212,"[212, 270, 186, 189, 90]",0.0,0.5
M5 CLAHE LAB,jensen_shannon,00017.jpg,[47],77,"[77, 75, 49, 5, 197]",0.0,0.0
M5 CLAHE LAB,jensen_shannon,00018.jpg,[286],286,"[286, 133, 126, 23, 260]",1.0,1.0
M5 CLAHE LAB,jensen_shannon,00019.jpg,[215],215,"[215, 39, 253, 193, 239]",1.0,1.0
M5 CLAHE LAB,jensen_shannon,00020.jpg,[262],260,"[260, 26, 248, 64, 282]",0.0,0.0
M5 CLAHE LAB,jensen_shannon,00021.jpg,[245],245,"[245, 57, 196, 241, 221]",1.0,1.0
M5 CLAHE LAB,jensen_shannon,00022.jpg,[257],257,"[257, 210, 57, 138, 196]",1.0,1.0
M5 CLAHE LAB,jensen_shannon,00023.jpg,[182],186,"[186, 182, 212, 97, 141]",0.0,0.5
M5 CLAHE LAB,jensen_shannon,00024.jpg,[262],260,"[260, 133, 64, 264, 262]",0.0,0.2
M5 CLAHE LAB,jensen_shannon,00025.jpg,[38],241,"[241, 38, 110, 206, 218]",0.0,0.5
M5 CLAHE LAB,jensen_shannon,00026.jpg,[238],121,"[121, 173, 213, 231, 240]",0.0,0.0
M5 CLAHE LAB,jensen_shannon,00027.jpg,[67],67,"[67, 182, 275, 101, 38]",1.0,1.0
M5 CLAHE LAB,jensen_shannon,00028.jpg,[86],105,"[105, 154, 66, 27, 276]",0.0,0.0
M5 CLAHE LAB,jensen_shannon,00029.jpg,[133],133,"[133, 126, 218, 286, 123]",1.0,1.0
M5 CLAHE LAB,emd,00000.jpg,[120],120,"[120, 224, 236, 41, 229]",1.0,1.0
M5 CLAHE LAB,emd,00001.jpg,[170],281,"[281, 46, 32, 170, 255]",0.0,0.25
M5 CLAHE LAB,emd,00002.jpg,[277],151,"[151, 208, 2, 245, 229]",0.0,0.0
M5 CLAHE LAB,emd,00003.jpg,[227],227,"[227, 144, 221, 45, 57]",1.0,1.0
M5 CLAHE LAB,emd,00004.jpg,[251],251,"[251, 19, 172, 107, 22]",1.0,1.0
M5 CLAHE LAB,emd,00005.jpg,[274],198,"[198, 128, 238, 240, 216]",0.0,0.0
M5 CLAHE LAB,emd,00006.jpg,[285],285,"[285, 31, 50, 259, 203]",1.0,1.0
M5 CLAHE LAB,emd,00007.jpg,[258],258,"[258, 279, 75, 257, 21]",1.0,1.0
M5 CLAHE LAB,emd,00008.jpg,[117],117,"[117, 118, 0, 190, 168]",1.0,1.0
M5 CLAHE LAB,emd,00009.jpg,[203],203,"[203, 50, 170, 281, 109]",1.0,1.0
M5 CLAHE LAB,emd,00010.jpg,[192],50,"[50, 284, 31, 203, 259]",0.0,0.0
M5 CLAHE LAB,emd,00011.jpg,[22],22,"[22, 14, 184, 229, 13]",1.0,1.0
M5 CLAHE LAB,emd,00012.jpg,[113],31,"[31, 259, 15, 138, 169]",0.0,0.0
M5 CLAHE LAB,emd,00013.jpg,[101],38,"[38, 101, 226, 85, 188]",0.0,0.5
M5 CLAHE LAB,emd,00014.jpg,[174],115,"[115, 185, 246, 284, 109]",0.0,0.0
M5 CLAHE LAB,emd,00015.jpg,[155],155,"[155, 144, 237, 281, 88]",1.0,1.0
M5 CLAHE LAB,emd,00016.jpg,[270],186,"[186, 189, 36, 97, 209]",0.0,0.0
M5 CLAHE LAB,emd,00017.jpg,[47],209,"[209, 186, 189, 36, 47]",0.0,0.2
M5 CLAHE LAB,emd,00018.jpg,[286],218,"[218, 210, 64, 32, 57]",0.0,0.0
M5 CLAHE LAB,emd,00019.jpg,[215],39,"[39, 235, 27, 276, 215]",0.0,0.2
M5 CLAHE LAB,emd,00020.jpg,[262],282,"[282, 262, 157, 57, 264]",0.0,0.5
M5 CLAHE LAB,emd,00021.jpg,[245],245,"[245, 221, 208, 247, 274]",1.0,1.0
M5 CLAHE LAB,emd,00022.jpg,[257],257,"[257, 75, 188, 279, 197]",1.0,1.0
M5 CLAHE LAB,emd,00023.jpg,[182],186,"[186, 97, 209, 182, 47]",0.0,0.25
M5 CLAHE LAB,emd,00024.jpg,[262],282,"[282, 157, 33, 80, 180]",0.0,0.0
M5 CLAHE LAB,emd,00025.jpg,[38],59,"[59, 241, 244, 73, 218]",0.0,0.0
M5 CLAHE LAB,emd,00026.jpg,[238],254,"[254, 121, 240, 238, 231]",0.0,0.25
M5 CLAHE LAB,emd,00027.jpg,[67],67,"[67, 182, 272, 20, 206]",1.0,1.0
M5 CLAHE LAB,emd,00028.jpg,[86],276,"[276, 39, 105, 154, 235]",0.0,0.0
M5 CLAHE LAB,emd,00029.jpg,[133],133,"[133, 123, 199, 218, 173]",1.0,1.0
M6 Weighted hue,euclidean,00000.jpg,[120],120,"[120, 231, 191, 185, 222]",1.0,1.0
M6 Weighted hue,euclidean,00001.jpg,[170],123,"[123, 271, 39, 286, 130]",0.0,0.0
M6 Weighted hue,euclidean,00002.jpg,[277],154,"[154, 277, 21, 188, 244]",0.0,0.5
M6 Weighted hue,euclidean,00003.jpg,[227],227,"[227, 283, 78, 221, 26]",1.0,1.0
M6 Weighted hue,euclidean,00004.jpg,[251],49,"[49, 110, 104, 139, 242]",0.0,0.0
M6 Weighted hue,euclidean,00005.jpg,[274],143,"[143, 91, 281, 17, 213]",0.0,0.0
M6 Weighted hue,euclidean,00006.jpg,[285],4,"[4, 252, 50, 214, 165]",0.0,0.0
M6 Weighted hue,euclidean,00007.jpg,[258],251,"[251, 92, 152, 104, 162]",0.0,0.0
M6 Weighted hue,euclidean,00008.jpg,[117],81,"[81, 207, 134, 0, 57]",0.0,0.0
M6 Weighted hue,euclidean,00009.jpg,[203],51,"[51, 271, 16, 189, 276]",0.0,0.0
M6 Weighted hue,euclidean,00010.jpg,[192],116,"[116, 52, 217, 90, 206]",0.0,0.0
M6 Weighted hue,euclidean,00011.jpg,[22],20,"[20, 106, 214, 224, 14]",0.0,0.0
M6 Weighted hue,euclidean,00012.jpg,[113],154,"[154, 218, 277, 188, 42]",0.0,0.0
M6 Weighted hue,euclidean,00013.jpg,[101],210,"[210, 27, 111, 117, 181]",0.0,0.0
M6 Weighted hue,euclidean,00014.jpg,[174],280,"[280, 238, 143, 213, 281]",0.0,0.0
M6 Weighted hue,euclidean,00015.jpg,[155],155,"[155, 233, 122, 76, 65]",1.0,1.0
M6 Weighted hue,euclidean,00016.jpg,[270],24,"[24, 270, 182, 22, 212]",0.0,0.5
M6 Weighted hue,euclidean,00017.jpg,[47],137,"[137, 127, 200, 276, 169]",0.0,0.0
M6 Weighted hue,euclidean,00018.jpg,[286],286,"[286, 123, 168, 39, 114]",1.0,1.0
M6 Weighted hue,euclidean,00019.jpg,[215],284,"[284, 275, 47, 51, 66]",0.0,0.0
M6 Weighted hue,euclidean,00020.jpg,[262],248,"[248, 84, 113, 260, 6]",0.0,0.0
M6 Weighted hue,euclidean,00021.jpg,[245],216,"[216, 26, 57, 134, 223]",0.0,0.0
M6 Weighted hue,euclidean,00022.jpg,[257],7,"[7, 269, 230, 153, 257]",0.0,0.2
M6 Weighted hue,euclidean,00023.jpg,[182],5,"[5, 25, 97, 209, 183]",0.0,0.0
M6 Weighted hue,euclidean,00024.jpg,[262],262,"[262, 10, 245, 243, 28]",1.0,1.0
M6 Weighted hue,euclidean,00025.jpg,[38],199,"[199, 277, 190, 11, 15]",0.0,0.0
M6 Weighted hue,euclidean,00026.jpg,[238],233,"[233, 267, 34, 250, 94]",0.0,0.0
M6 Weighted hue,euclidean,00027.jpg,[67],67,"[67, 38, 126, 72, 268]",1.0,1.0
M6 Weighted hue,euclidean,00028.jpg,[86],150,"[150, 137, 31, 200, 276]",0.0,0.0
M6 Weighted hue,euclidean,00029.jpg,[133],133,"[133, 64, 118, 160, 32]",1.0,1.0
M6 Weighted hue,L1,00000.jpg,[120],120,"[120, 231, 185, 191, 222]",1.0,1.0
M6 Weighted hue,L1,00001.jpg,[170],123,"[123, 271, 133, 286, 130]",0.0,0.0
M6 Weighted hue,L1,00002.jpg,[277],277,"[277, 154, 188, 95, 21]",1.0,1.0
M6 Weighted hue,L1,00003.jpg,[227],227,"[227, 283, 78, 6, 69]",1.0,1.0
M6 Weighted hue,L1,00004.jpg,[251],49,"[49, 251, 110, 92, 104]",0.0,0.5
M6 Weighted hue,L1,00005.jpg,[274],143,"[143, 149, 17, 281, 213]",0.0,0.0
M6 Weighted hue,L1,00006.jpg,[285],214,"[214, 4, 252, 50, 165]",0.0,0.0
M6 Weighted hue,L1,00007.jpg,[258],251,"[251, 92, 152, 104, 162]",0.0,0.0
M6 Weighted hue,L1,00008.jpg,[117],81,"[81, 207, 44, 87, 57]",0.0,0.0
M6 Weighted hue,L1,00009.jpg,[203],51,"[51, 203, 16, 189, 150]",0.0,0.5
M6 Weighted hue,L1,00010.jpg,[192],52,"[52, 217, 116, 90, 147]",0.0,0.0
M6 Weighted hue,L1,00011.jpg,[22],20,"[20, 106, 214, 224, 50]",0.0,0.0
M6 Weighted hue,L1,00012.jpg,[113],277,"[277, 154, 218, 188, 75]",0.0,0.0
M6 Weighted hue,L1,00013.jpg,[101],27,"[27, 210, 111, 105, 95]",0.0,0.0
M6 Weighted hue,L1,00014.jpg,[174],238,"[238, 143, 280, 213, 149]",0.0,0.0
M6 Weighted hue,L1,00015.jpg,[155],155,"[155, 6, 65, 233, 63]",1.0,1.0
M6 Weighted hue,L1,00016.jpg,[270],24,"[24, 182, 22, 270, 212]",0.0,0.25
M6 Weighted hue,L1,00017.jpg,[47],137,"[137, 127, 35, 47, 12]",0.0,0.25
M6 Weighted hue,L1,00018.jpg,[286],286,"[286, 123, 168, 271, 114]",1.0,1.0
M6 Weighted hue,L1,00019.jpg,[215],90,"[90, 275, 47, 284, 205]",0.0,0.0
M6 Weighted hue,L1,00020.jpg,[262],84,"[84, 6, 248, 69, 113]",0.0,0.0
M6 Weighted hue,L1,00021.jpg,[245],57,"[57, 257, 81, 216, 44]",0.0,0.0
M6 Weighted hue,L1,00022.jpg,[257],269,"[269, 7, 230, 153, 257]",0.0,0.2
M6 Weighted hue,L1,00023.jpg,[182],5,"[5, 25, 209, 97, 186]",0.0,0.0
M6 Weighted hue,L1,00024.jpg,[262],262,"[262, 163, 28, 10, 171]",1.0,1.0
M6 Weighted hue,L1,00025.jpg,[38],190,"[190, 277, 199, 11, 15]",0.0,0.0
M6 Weighted hue,L1,00026.jpg,[238],54,"[54, 267, 176, 250, 8]",0.0,0.0
M6 Weighted hue,L1,00027.jpg,[67],38,"[38, 73, 67, 72, 246]",0.0,0.3333333333333333
M6 Weighted hue,L1,00028.jpg,[86],150,"[150, 200, 31, 137, 276]",0.0,0.0
M6 Weighted hue,L1,00029.jpg,[133],133,"[133, 64, 118, 160, 228]",1.0,1.0
M6 Weighted hue,chi2,00000.jpg,[120],120,"[120, 231, 185, 258, 38]",1.0,1.0
M6 Weighted hue,chi2,00001.jpg,[170],123,"[123, 170, 271, 286, 133]",0.0,0.5
M6 Weighted hue,chi2,00002.jpg,[277],154,"[154, 277, 159, 15, 208]",0.0,0.5
M6 Weighted hue,chi2,00003.jpg,[227],227,"[227, 283, 78, 221, 6]",1.0,1.0
M6 Weighted hue,chi2,00004.jpg,[251],49,"[49, 251, 92, 110, 104]",0.0,0.5
M6 Weighted hue,chi2,00005.jpg,[274],143,"[143, 149, 17, 19, 204]",0.0,0.0
M6 Weighted hue,chi2,00006.jpg,[285],214,"[214, 4, 252, 182, 50]",0.0,0.0
M6 Weighted hue,chi2,00007.jpg,[258],92,"[92, 251, 152, 49, 46]",0.0,0.0
M6 Weighted hue,chi2,00008.jpg,[117],81,"[81, 44, 207, 33, 87]",0.0,0.0
M6 Weighted hue,chi2,00009.jpg,[203],203,"[203, 206, 189, 16, 51]",1.0,1.0
M6 Weighted hue,chi2,00010.jpg,[192],217,"[217, 52, 29, 116, 90]",0.0,0.0
M6 Weighted hue,chi2,00011.jpg,[22],224,"[224, 20, 50, 165, 214]",0.0,0.0
M6 Weighted hue,chi2,00012.jpg,[113],218,"[218, 244, 75, 170, 225]",0.0,0.0
M6 Weighted hue,chi2,00013.jpg,[101],27,"[27, 111, 210, 180, 95]",0.0,0.0
M6 Weighted hue,chi2,00014.jpg,[174],143,"[143, 142, 280, 238, 213]",0.0,0.0
M6 Weighted hue,chi2,00015.jpg,[155],155,"[155, 6, 233, 65, 76]",1.0,1.0
M6 Weighted hue,chi2,00016.jpg,[270],182,"[182, 24, 22, 212, 252]",0.0,0.0
M6 Weighted hue,chi2,00017.jpg,[47],47,"[47, 169, 40, 12, 205]",1.0,1.0
M6 Weighted hue,chi2,00018.jpg,[286],286,"[286, 123, 168, 116, 114]",1.0,1.0
M6 Weighted hue,chi2,00019.jpg,[215],275,"[275, 276, 205, 90, 147]",0.0,0.0
M6 Weighted hue,chi2,00020.jpg,[262],84,"[84, 6, 248, 140, 69]",0.0,0.0
M6 Weighted hue,chi2,00021.jpg,[245],245,"[245, 57, 257, 280, 281]",1.0,1.0
M6 Weighted hue,chi2,00022.jpg,[257],269,"[269, 257, 7, 230, 153]",0.0,0.5
M6 Weighted hue,chi2,00023.jpg,[182],25,"[25, 158, 5, 13, 209]",0.0,0.0
M6 Weighted hue,chi2,00024.jpg,[262],262,"[262, 163, 28, 113, 10]",1.0,1.0
M6 Weighted hue,chi2,00025.jpg,[38],190,"[190, 229, 277, 11, 15]",0.0,0.0
M6 Weighted hue,chi2,00026.jpg,[238],267,"[267, 54, 34, 176, 250]",0.0,0.0
M6 Weighted hue,chi2,00027.jpg,[67],202,"[202, 38, 72, 73, 268]",0.0,0.0
M6 Weighted hue,chi2,00028.jpg,[86],150,"[150, 31, 200, 235, 36]",0.0,0.0
M6 Weighted hue,chi2,00029.jpg,[133],133,"[133, 64, 123, 60, 228]",1.0,1.0
M6 Weighted hue,intersection,00000.jpg,[120],120,"[120, 231, 185, 191, 222]",1.0,1.0
M6 Weighted hue,intersection,00001.jpg,[170],123,"[123, 271, 133, 286, 130]",0.0,0.0
M6 Weighted hue,intersection,00002.jpg,[277],277,"[277, 154, 188, 95, 21]",1.0,1.0
M6 Weighted hue,intersection,00003.jpg,[227],227,"[227, 283, 78, 6, 69]",1.0,1.0
M6 Weighted hue,intersection,00004.jpg,[251],49,"[49, 251, 110, 92, 104]",0.0,0.5
M6 Weighted hue,intersection,00005.jpg,[274],143,"[143, 149, 17, 281, 213]",0.0,0.0
M6 Weighted hue,intersection,00006.jpg,[285],214,"[214, 4, 252, 50, 165]",0.0,0.0
M6 Weighted hue,intersection,00007.jpg,[258],251,"[251, 92, 152, 104, 162]",0.0,0.0
M6 Weighted hue,intersection,00008.jpg,[117],81,"[81, 207, 44, 87, 57]",0.0,0.0
M6 Weighted hue,intersection,00009.jpg,[203],51,"[51, 203, 16, 189, 150]",0.0,0.5
M6 Weighted hue,intersection,00010.jpg,[192],52,"[52, 217, 116, 90, 147]",0.0,0.0
M6 Weighted hue,intersection,00011.jpg,[22],20,"[20, 106, 214, 224, 50]",0.0,0.0
M6 Weighted hue,intersection,00012.jpg,[113],277,"[277, 154, 218, 188, 75]",0.0,0.0
M6 Weighted hue,intersection,00013.jpg,[101],27,"[27, 210, 111, 105, 95]",0.0,0.0
M6 Weighted hue,intersection,00014.jpg,[174],238,"[238, 143, 280, 213, 149]",0.0,0.0
M6 Weighted hue,intersection,00015.jpg,[155],155,"[155, 6, 65, 233, 63]",1.0,1.0
M6 Weighted hue,intersection,00016.jpg,[270],24,"[24, 182, 22, 270, 212]",0.0,0.25
M6 Weighted hue,intersection,00017.jpg,[47],137,"[137, 127, 35, 47, 12]",0.0,0.25
M6 Weighted hue,intersection,00018.jpg,[286],286,"[286, 123, 168, 271, 114]",1.0,1.0
M6 Weighted hue,intersection,00019.jpg,[215],90,"[90, 275, 47, 284, 205]",0.0,0.0
M6 Weighted hue,intersection,00020.jpg,[262],84,"[84, 6, 248, 69, 113]",0.0,0.0
M6 Weighted hue,intersection,00021.jpg,[245],57,"[57, 257, 81, 216, 44]",0.0,0.0
M6 Weighted hue,intersection,00022.jpg,[257],269,"[269, 7, 230, 153, 257]",0.0,0.2
M6 Weighted hue,intersection,00023.jpg,[182],5,"[5, 25, 209, 97, 186]",0.0,0.0
M6 Weighted hue,intersection,00024.jpg,[262],262,"[262, 163, 28, 10, 171]",1.0,1.0
M6 Weighted hue,intersection,00025.jpg,[38],190,"[190, 277, 199, 11, 15]",0.0,0.0
M6 Weighted hue,intersection,00026.jpg,[238],54,"[54, 267, 176, 250, 8]",0.0,0.0
M6 Weighted hue,intersection,00027.jpg,[67],38,"[38, 73, 67, 72, 246]",0.0,0.3333333333333333
M6 Weighted hue,intersection,00028.jpg,[86],150,"[150, 200, 31, 137, 276]",0.0,0.0
M6 Weighted hue,intersection,00029.jpg,[133],133,"[133, 64, 118, 160, 228]",1.0,1.0
M6 Weighted hue,hellinger,00000.jpg,[120],120,"[120, 231, 185, 258, 38]",1.0,1.0
M6 Weighted hue,hellinger,00001.jpg,[170],123,"[123, 170, 271, 286, 133]",0.0,0.5
M6 Weighted hue,hellinger,00002.jpg,[277],154,"[154, 277, 159, 15, 208]",0.0,0.5
M6 Weighted hue,hellinger,00003.jpg,[227],227,"[227, 283, 78, 221, 6]",1.0,1.0
M6 Weighted hue,hellinger,00004.jpg,[251],49,"[49, 251, 92, 110, 104]",0.0,0.5
M6 Weighted hue,hellinger,00005.jpg,[274],143,"[143, 149, 49, 110, 204]",0.0,0.0
M6 Weighted hue,hellinger,00006.jpg,[285],214,"[214, 182, 50, 165, 4]",0.0,0.0
M6 Weighted hue,hellinger,00007.jpg,[258],92,"[92, 251, 49, 46, 152]",0.0,0.0
M6 Weighted hue,hellinger,00008.jpg,[117],81,"[81, 44, 33, 207, 87]",0.0,0.0
M6 Weighted hue,hellinger,00009.jpg,[203],203,"[203, 206, 189, 16, 51]",1.0,1.0
M6 Weighted hue,hellinger,00010.jpg,[192],29,"[29, 217, 52, 116, 90]",0.0,0.0
M6 Weighted hue,hellinger,00011.jpg,[22],224,"[224, 20, 165, 50, 214]",0.0,0.0
M6 Weighted hue,hellinger,00012.jpg,[113],218,"[218, 244, 225, 170, 197]",0.0,0.0
M6 Weighted hue,hellinger,00013.jpg,[101],27,"[27, 111, 210, 95, 180]",0.0,0.0
M6 Weighted hue,hellinger,00014.jpg,[174],143,"[143, 142, 280, 110, 278]",0.0,0.0
M6 Weighted hue,hellinger,00015.jpg,[155],155,"[155, 6, 140, 76, 45]",1.0,1.0
M6 Weighted hue,hellinger,00016.jpg,[270],182,"[182, 22, 24, 212, 252]",0.0,0.0
M6 Weighted hue,hellinger,00017.jpg,[47],47,"[47, 169, 40, 205, 202]",1.0,1.0
M6 Weighted hue,hellinger,00018.jpg,[286],286,"[286, 123, 168, 116, 284]",1.0,1.0
M6 Weighted hue,hellinger,00019.jpg,[215],275,"[275, 147, 276, 88, 284]",0.0,0.0
M6 Weighted hue,hellinger,00020.jpg,[262],84,"[84, 6, 248, 140, 69]",0.0,0.0
M6 Weighted hue,hellinger,00021.jpg,[245],245,"[245, 57, 257, 281, 81]",1.0,1.0
M6 Weighted hue,hellinger,00022.jpg,[257],269,"[269, 257, 7, 230, 153]",0.0,0.5
M6 Weighted hue,hellinger,00023.jpg,[182],25,"[25, 13, 158, 5, 209]",0.0,0.0
M6 Weighted hue,hellinger,00024.jpg,[262],262,"[262, 163, 113, 28, 248]",1.0,1.0
M6 Weighted hue,hellinger,00025.jpg,[38],229,"[229, 190, 277, 11, 15]",0.0,0.0
M6 Weighted hue,hellinger,00026.jpg,[238],34,"[34, 211, 112, 233, 54]",0.0,0.0
M6 Weighted hue,hellinger,00027.jpg,[67],202,"[202, 276, 68, 72, 38]",0.0,0.0
M6 Weighted hue,hellinger,00028.jpg,[86],31,"[31, 200, 150, 36, 235]",0.0,0.0
M6 Weighted hue,hellinger,00029.jpg,[133],133,"[133, 64, 60, 123, 218]",1.0,1.0
M6 Weighted hue,cosine,00000.jpg,[120],231,"[231, 120, 191, 185, 38]",0.0,0.5
M6 Weighted hue,cosine,00001.jpg,[170],123,"[123, 133, 271, 286, 39]",0.0,0.0
M6 Weighted hue,cosine,00002.jpg,[277],154,"[154, 21, 188, 128, 125]",0.0,0.0
M6 Weighted hue,cosine,00003.jpg,[227],227,"[227, 283, 78, 221, 44]",1.0,1.0
M6 Weighted hue,cosine,00004.jpg,[251],49,"[49, 139, 104, 265, 110]",0.0,0.0
M6 Weighted hue,cosine,00005.jpg,[274],143,"[143, 91, 17, 281, 213]",0.0,0.0
M6 Weighted hue,cosine,00006.jpg,[285],252,"[252, 4, 50, 165, 182]",0.0,0.0
M6 Weighted hue,cosine,00007.jpg,[258],251,"[251, 92, 152, 104, 162]",0.0,0.0
M6 Weighted hue,cosine,00008.jpg,[117],81,"[81, 207, 57, 134, 0]",0.0,0.0
M6 Weighted hue,cosine,00009.jpg,[203],51,"[51, 16, 271, 189, 187]",0.0,0.0
M6 Weighted hue,cosine,00010.jpg,[192],116,"[116, 217, 52, 206, 90]",0.0,0.0
M6 Weighted hue,cosine,00011.jpg,[22],20,"[20, 106, 214, 147, 66]",0.0,0.0
M6 Weighted hue,cosine,00012.jpg,[113],154,"[154, 42, 188, 125, 218]",0.0,0.0
M6 Weighted hue,cosine,00013.jpg,[101],210,"[210, 27, 111, 117, 181]",0.0,0.0
M6 Weighted hue,cosine,00014.jpg,[174],280,"[280, 238, 213, 143, 281]",0.0,0.0
M6 Weighted hue,cosine,00015.jpg,[155],155,"[155, 233, 122, 94, 267]",1.0,1.0
M6 Weighted hue,cosine,00016.jpg,[270],24,"[24, 22, 85, 270, 182]",0.0,0.25
M6 Weighted hue,cosine,00017.jpg,[47],127,"[127, 137, 12, 194, 200]",0.0,0.0
M6 Weighted hue,cosine,00018.jpg,[286],286,"[286, 123, 39, 114, 168]",1.0,1.0
M6 Weighted hue,cosine,00019.jpg,[215],205,"[205, 90, 47, 284, 66]",0.0,0.0
M6 Weighted hue,cosine,00020.jpg,[262],84,"[84, 113, 260, 248, 28]",0.0,0.0
M6 Weighted hue,cosine,00021.jpg,[245],213,"[213, 216, 281, 143, 149]",0.0,0.0
M6 Weighted hue,cosine,00022.jpg,[257],230,"[230, 30, 7, 269, 153]",0.0,0.0
M6 Weighted hue,cosine,00023.jpg,[182],5,"[5, 25, 97, 209, 183]",0.0,0.0
M6 Weighted hue,cosine,00024.jpg,[262],262,"[262, 10, 209, 79, 5]",1.0,1.0
M6 Weighted hue,cosine,00025.jpg,[38],185,"[185, 277, 199, 190, 231]",0.0,0.0
M6 Weighted hue,cosine,00026.jpg,[238],233,"[233, 267, 250, 54, 34]",0.0,0.0
M6 Weighted hue,cosine,00027.jpg,[67],258,"[258, 268, 202, 38, 67]",0.0,0.2
M6 Weighted hue,cosine,00028.jpg,[86],150,"[150, 31, 200, 225, 137]",0.0,0.0
M6 Weighted hue,cosine,00029.jpg,[133],133,"[133, 160, 64, 118, 103]",1.0,1.0
M6 Weighted hue,correlation,00000.jpg,[120],231,"[231, 120, 191, 185, 38]",0.0,0.5
M6 Weighted hue,correlation,00001.jpg,[170],133,"[133, 123, 271, 286, 39]",0.0,0.0
M6 Weighted hue,correlation,00002.jpg,[277],154,"[154, 21, 188, 128, 125]",0.0,0.0
M6 Weighted hue,correlation,00003.jpg,[227],227,"[227, 283, 78, 221, 44]",1.0,1.0
M6 Weighted hue,correlation,00004.jpg,[251],139,"[139, 49, 265, 104, 82]",0.0,0.0
M6 Weighted hue,correlation,00005.jpg,[274],143,"[143, 91, 17, 281, 213]",0.0,0.0
M6 Weighted hue,correlation,00006.jpg,[285],252,"[252, 4, 50, 165, 182]",0.0,0.0
M6 Weighted hue,correlation,00007.jpg,[258],251,"[251, 92, 152, 104, 162]",0.0,0.0
M6 Weighted hue,correlation,00008.jpg,[117],81,"[81, 207, 57, 149, 134]",0.0,0.0
M6 Weighted hue,correlation,00009.jpg,[203],51,"[51, 16, 271, 189, 228]",0.0,0.0
M6 Weighted hue,correlation,00010.jpg,[192],116,"[116, 217, 52, 206, 90]",0.0,0.0
M6 Weighted hue,correlation,00011.jpg,[22],20,"[20, 106, 66, 214, 147]",0.0,0.0
M6 Weighted hue,correlation,00012.jpg,[113],154,"[154, 42, 188, 125, 128]",0.0,0.0
M6 Weighted hue,correlation,00013.jpg,[101],210,"[210, 27, 181, 117, 111]",0.0,0.0
M6 Weighted hue,correlation,00014.jpg,[174],280,"[280, 238, 213, 281, 143]",0.0,0.0
M6 Weighted hue,correlation,00015.jpg,[155],155,"[155, 233, 122, 267, 54]",1.0,1.0
M6 Weighted hue,correlation,00016.jpg,[270],24,"[24, 22, 85, 270, 182]",0.0,0.25
M6 Weighted hue,correlation,00017.jpg,[47],127,"[127, 12, 137, 194, 200]",0.0,0.0
M6 Weighted hue,correlation,00018.jpg,[286],286,"[286, 123, 39, 114, 52]",1.0,1.0
M6 Weighted hue,correlation,00019.jpg,[215],205,"[205, 90, 47, 284, 20]",0.0,0.0
M6 Weighted hue,correlation,00020.jpg,[262],84,"[84, 113, 260, 248, 28]",0.0,0.0
M6 Weighted hue,correlation,00021.jpg,[245],213,"[213, 143, 216, 281, 149]",0.0,0.0
M6 Weighted hue,correlation,00022.jpg,[257],230,"[230, 30, 7, 269, 153]",0.0,0.0
M6 Weighted hue,correlation,00023.jpg,[182],5,"[5, 25, 97, 209, 183]",0.0,0.0
M6 Weighted hue,correlation,00024.jpg,[262],209,"[209, 5, 93, 262, 79]",0.0,0.25
M6 Weighted hue,correlation,00025.jpg,[38],185,"[185, 231, 277, 199, 229]",0.0,0.0
M6 Weighted hue,correlation,00026.jpg,[238],233,"[233, 267, 250, 54, 34]",0.0,0.0
M6 Weighted hue,correlation,00027.jpg,[67],258,"[258, 268, 202, 38, 67]",0.0,0.2
M6 Weighted hue,correlation,00028.jpg,[86],150,"[150, 31, 200, 225, 137]",0.0,0.0
M6 Weighted hue,correlation,00029.jpg,[133],133,"[133, 160, 259, 64, 271]",1.0,1.0
M6 Weighted hue,jensen_shannon,00000.jpg,[120],120,"[120, 231, 185, 258, 38]",1.0,1.0
M6 Weighted hue,jensen_shannon,00001.jpg,[170],123,"[123, 170, 271, 286, 133]",0.0,0.5
M6 Weighted hue,jensen_shannon,00002.jpg,[277],154,"[154, 277, 159, 15, 208]",0.0,0.5
M6 Weighted hue,jensen_shannon,00003.jpg,[227],227,"[227, 283, 78, 221, 6]",1.0,1.0
M6 Weighted hue,jensen_shannon,00004.jpg,[251],49,"[49, 251, 92, 110, 104]",0.0,0.5
M6 Weighted hue,jensen_shannon,00005.jpg,[274],143,"[143, 149, 17, 49, 110]",0.0,0.0
M6 Weighted hue,jensen_shannon,00006.jpg,[285],214,"[214, 4, 182, 50, 252]",0.0,0.0
M6 Weighted hue,jensen_shannon,00007.jpg,[258],92,"[92, 251, 152, 49, 46]",0.0,0.0
M6 Weighted hue,jensen_shannon,00008.jpg,[117],81,"[81, 44, 33, 207, 87]",0.0,0.0
M6 Weighted hue,jensen_shannon,00009.jpg,[203],203,"[203, 206, 189, 16, 51]",1.0,1.0
M6 Weighted hue,jensen_shannon,00010.jpg,[192],217,"[217, 52, 29, 116, 90]",0.0,0.0
M6 Weighted hue,jensen_shannon,00011.jpg,[22],224,"[224, 20, 165, 50, 214]",0.0,0.0
M6 Weighted hue,jensen_shannon,00012.jpg,[113],218,"[218, 244, 225, 170, 75]",0.0,0.0
M6 Weighted hue,jensen_shannon,00013.jpg,[101],27,"[27, 111, 210, 95, 180]",0.0,0.0
M6 Weighted hue,jensen_shannon,00014.jpg,[174],143,"[143, 142, 280, 238, 213]",0.0,0.0
M6 Weighted hue,jensen_shannon,00015.jpg,[155],155,"[155, 6, 140, 76, 248]",1.0,1.0
M6 Weighted hue,jensen_shannon,00016.jpg,[270],182,"[182, 24, 22, 212, 252]",0.0,0.0
M6 Weighted hue,jensen_shannon,00017.jpg,[47],47,"[47, 169, 40, 205, 12]",1.0,1.0
M6 Weighted hue,jensen_shannon,00018.jpg,[286],286,"[286, 123, 168, 116, 284]",1.0,1.0
M6 Weighted hue,jensen_shannon,00019.jpg,[215],275,"[275, 147, 276, 90, 205]",0.0,0.0
M6 Weighted hue,jensen_shannon,00020.jpg,[262],84,"[84, 6, 248, 140, 69]",0.0,0.0
M6 Weighted hue,jensen_shannon,00021.jpg,[245],245,"[245, 57, 257, 280, 281]",1.0,1.0
M6 Weighted hue,jensen_shannon,00022.jpg,[257],269,"[269, 257, 7, 230, 153]",0.0,0.5
M6 Weighted hue,jensen_shannon,00023.jpg,[182],25,"[25, 158, 13, 5, 209]",0.0,0.0
M6 Weighted hue,jensen_shannon,00024.jpg,[262],262,"[262, 163, 28, 113, 248]",1.0,1.0
M6 Weighted hue,jensen_shannon,00025.jpg,[38],190,"[190, 229, 277, 11, 15]",0.0,0.0
M6 Weighted hue,jensen_shannon,00026.jpg,[238],34,"[34, 267, 54, 211, 112]",0.0,0.0
M6 Weighted hue,jensen_shannon,00027.jpg,[67],202,"[202, 38, 72, 68, 73]",0.0,0.0
M6 Weighted hue,jensen_shannon,00028.jpg,[86],150,"[150, 31, 200, 36, 235]",0.0,0.0
M6 Weighted hue,jensen_shannon,00029.jpg,[133],133,"[133, 64, 123, 60, 218]",1.0,1.0
M6 Weighted hue,emd,00000.jpg,[120],258,"[258, 185, 158, 246, 186]",0.0,0.0
M6 Weighted hue,emd,00001.jpg,[170],286,"[286, 70, 123, 177, 218]",0.0,0.0
M6 Weighted hue,emd,00002.jpg,[277],138,"[138, 162, 2, 139, 208]",0.0,0.0
M6 Weighted hue,emd,00003.jpg,[227],227,"[227, 45, 78, 283, 221]",1.0,1.0
M6 Weighted hue,emd,00004.jpg,[251],251,"[251, 92, 93, 49, 25]",1.0,1.0
M6 Weighted hue,emd,00005.jpg,[274],143,"[143, 110, 19, 242, 204]",0.0,0.0
M6 Weighted hue,emd,00006.jpg,[285],232,"[232, 90, 14, 73, 205]",0.0,0.0
M6 Weighted hue,emd,00007.jpg,[258],251,"[251, 92, 25, 125, 93]",0.0,0.0
M6 Weighted hue,emd,00008.jpg,[117],247,"[247, 10, 117, 243, 181]",0.0,0.3333333333333333
M6 Weighted hue,emd,00009.jpg,[203],203,"[203, 51, 206, 66, 4]",1.0,1.0
M6 Weighted hue,emd,00010.jpg,[192],47,"[47, 86, 276, 52, 187]",0.0,0.0
M6 Weighted hue,emd,00011.jpg,[22],224,"[224, 187, 205, 194, 47]",0.0,0.0
M6 Weighted hue,emd,00012.jpg,[113],218,"[218, 244, 196, 37, 228]",0.0,0.0
M6 Weighted hue,emd,00013.jpg,[101],89,"[89, 27, 111, 143, 152]",0.0,0.0
M6 Weighted hue,emd,00014.jpg,[174],278,"[278, 142, 238, 222, 141]",0.0,0.0
M6 Weighted hue,emd,00015.jpg,[155],155,"[155, 221, 6, 283, 76]",1.0,1.0
M6 Weighted hue,emd,00016.jpg,[270],24,"[24, 226, 182, 187, 224]",0.0,0.0
M6 Weighted hue,emd,00017.jpg,[47],40,"[40, 205, 90, 137, 147]",0.0,0.0
M6 Weighted hue,emd,00018.jpg,[286],70,"[70, 286, 168, 39, 264]",0.0,0.5
M6 Weighted hue,emd,00019.jpg,[215],67,"[67, 275, 88, 239, 114]",0.0,0.0
M6 Weighted hue,emd,00020.jpg,[262],155,"[155, 221, 6, 80, 283]",0.0,0.0
M6 Weighted hue,emd,00021.jpg,[245],10,"[10, 247, 245, 28, 71]",0.0,0.3333333333333333
M6 Weighted hue,emd,00022.jpg,[257],269,"[269, 122, 121, 7, 45]",0.0,0.0
M6 Weighted hue,emd,00023.jpg,[182],25,"[25, 158, 5, 46, 109]",0.0,0.0
M6 Weighted hue,emd,00024.jpg,[262],6,"[6, 84, 144, 248, 249]",0.0,0.0
M6 Weighted hue,emd,00025.jpg,[38],210,"[210, 118, 279, 196, 21]",0.0,0.0
M6 Weighted hue,emd,00026.jpg,[238],211,"[211, 112, 32, 48, 54]",0.0,0.0
M6 Weighted hue,emd,00027.jpg,[67],67,"[67, 191, 82, 231, 147]",1.0,1.0
M6 Weighted hue,emd,00028.jpg,[86],150,"[150, 31, 200, 151, 46]",0.0,0.0
M6 Weighted hue,emd,00029.jpg,[133],57,"[57, 133, 64, 166, 81]",0.0,0.5
M7 Gradient orientation,euclidean,00000.jpg,[120],141,"[141, 215, 261, 252, 32]",0.0,0.0
M7 Gradient orientation,euclidean,00001.jpg,[170],90,"[90, 113, 177, 95, 170]",0.0,0.2
M7 Gradient orientation,euclidean,00002.jpg,[277],270,"[270, 206, 118, 285, 36]",0.0,0.0
M7 Gradient orientation,euclidean,00003.jpg,[227],72,"[72, 227, 120, 54, 27]",0.0,0.5
M7 Gradient orientation,euclidean,00004.jpg,[251],251,"[251, 236, 157, 115, 54]",1.0,1.0
M7 Gradient orientation,euclidean,00005.jpg,[274],46,"[46, 130, 266, 247, 107]",0.0,0.0
M7 Gradient orientation,euclidean,00006.jpg,[285],114,"[114, 264, 277, 24, 222]",0.0,0.0
M7 Gradient orientation,euclidean,00007.jpg,[258],258,"[258, 91, 144, 116, 43]",1.0,1.0
M7 Gradient orientation,euclidean,00008.jpg,[117],117,"[117, 278, 249, 18, 11]",1.0,1.0
M7 Gradient orientation,euclidean,00009.jpg,[203],203,"[203, 60, 86, 271, 55]",1.0,1.0
M7 Gradient orientation,euclidean,00010.jpg,[192],192,"[192, 257, 184, 268, 210]",1.0,1.0
M7 Gradient orientation,euclidean,00011.jpg,[22],22,"[22, 239, 174, 237, 173]",1.0,1.0
M7 Gradient orientation,euclidean,00012.jpg,[113],285,"[285, 160, 18, 101, 123]",0.0,0.0
M7 Gradient orientation,euclidean,00013.jpg,[101],118,"[118, 270, 90, 170, 75]",0.0,0.0
M7 Gradient orientation,euclidean,00014.jpg,[174],168,"[168, 193, 27, 248, 68]",0.0,0.0
M7 Gradient orientation,euclidean,00015.jpg,[155],155,"[155, 205, 110, 228, 265]",1.0,1.0
M7 Gradient orientation,euclidean,00016.jpg,[270],264,"[264, 222, 277, 118, 24]",0.0,0.0
M7 Gradient orientation,euclidean,00017.jpg,[47],268,"[268, 257, 13, 2, 192]",0.0,0.0
M7 Gradient orientation,euclidean,00018.jpg,[286],55,"[55, 286, 254, 138, 15]",0.0,0.5
M7 Gradient orientation,euclidean,00019.jpg,[215],170,"[170, 113, 29, 278, 123]",0.0,0.0
M7 Gradient orientation,euclidean,00020.jpg,[262],262,"[262, 145, 85, 212, 33]",1.0,1.0
M7 Gradient orientation,euclidean,00021.jpg,[245],264,"[264, 114, 277, 45, 245]",0.0,0.2
M7 Gradient orientation,euclidean,00022.jpg,[257],268,"[268, 257, 192, 13, 77]",0.0,0.5
M7 Gradient orientation,euclidean,00023.jpg,[182],70,"[70, 281, 182, 54, 223]",0.0,0.3333333333333333
M7 Gradient orientation,euclidean,00024.jpg,[262],262,"[262, 40, 145, 85, 104]",1.0,1.0
M7 Gradient orientation,euclidean,00025.jpg,[38],268,"[268, 13, 77, 257, 245]",0.0,0.0
M7 Gradient orientation,euclidean,00026.jpg,[238],118,"[118, 270, 75, 170, 77]",0.0,0.0
M7 Gradient orientation,euclidean,00027.jpg,[67],183,"[183, 277, 118, 264, 77]",0.0,0.0
M7 Gradient orientation,euclidean,00028.jpg,[86],86,"[86, 203, 49, 55, 92]",1.0,1.0
M7 Gradient orientation,euclidean,00029.jpg,[133],154,"[154, 104, 133, 43, 275]",0.0,0.3333333333333333
M7 Gradient orientation,L1,00000.jpg,[120],141,"[141, 215, 238, 261, 32]",0.0,0.0
M7 Gradient orientation,L1,00001.jpg,[170],90,"[90, 113, 29, 170, 177]",0.0,0.25
M7 Gradient orientation,L1,00002.jpg,[277],206,"[206, 270, 277, 118, 101]",0.0,0.3333333333333333
M7 Gradient orientation,L1,00003.jpg,[227],72,"[72, 227, 54, 120, 27]",0.0,0.5
M7 Gradient orientation,L1,00004.jpg,[251],251,"[251, 236, 157, 233, 76]",1.0,1.0
M7 Gradient orientation,L1,00005.jpg,[274],46,"[46, 107, 266, 130, 140]",0.0,0.0
M7 Gradient orientation,L1,00006.jpg,[285],114,"[114, 285, 264, 283, 277]",0.0,0.5
M7 Gradient orientation,L1,00007.jpg,[258],258,"[258, 91, 144, 278, 116]",1.0,1.0
M7 Gradient orientation,L1,00008.jpg,[117],117,"[117, 69, 278, 11, 208]",1.0,1.0
M7 Gradient orientation,L1,00009.jpg,[203],203,"[203, 60, 271, 286, 86]",1.0,1.0
M7 Gradient orientation,L1,00010.jpg,[192],192,"[192, 257, 184, 268, 2]",1.0,1.0
M7 Gradient orientation,L1,00011.jpg,[22],22,"[22, 239, 174, 237, 140]",1.0,1.0
M7 Gradient orientation,L1,00012.jpg,[113],285,"[285, 160, 101, 58, 18]",0.0,0.0
M7 Gradient orientation,L1,00013.jpg,[101],270,"[270, 75, 90, 118, 285]",0.0,0.0
M7 Gradient orientation,L1,00014.jpg,[174],168,"[168, 174, 193, 27, 68]",0.0,0.5
M7 Gradient orientation,L1,00015.jpg,[155],155,"[155, 205, 110, 228, 81]",1.0,1.0
M7 Gradient orientation,L1,00016.jpg,[270],264,"[264, 118, 222, 277, 24]",0.0,0.0
M7 Gradient orientation,L1,00017.jpg,[47],268,"[268, 257, 52, 77, 0]",0.0,0.0
M7 Gradient orientation,L1,00018.jpg,[286],55,"[55, 286, 254, 138, 15]",0.0,0.5
M7 Gradient orientation,L1,00019.jpg,[215],170,"[170, 215, 113, 29, 123]",0.0,0.5
M7 Gradient orientation,L1,00020.jpg,[262],262,"[262, 145, 40, 212, 56]",1.0,1.0
M7 Gradient orientation,L1,00021.jpg,[245],245,"[245, 264, 24, 183, 277]",1.0,1.0
M7 Gradient orientation,L1,00022.jpg,[257],257,"[257, 268, 192, 13, 77]",1.0,1.0
M7 Gradient orientation,L1,00023.jpg,[182],182,"[182, 70, 281, 103, 44]",1.0,1.0
M7 Gradient orientation,L1,00024.jpg,[262],262,"[262, 40, 246, 145, 104]",1.0,1.0
M7 Gradient orientation,L1,00025.jpg,[38],77,"[77, 45, 277, 13, 58]",0.0,0.0
M7 Gradient orientation,L1,00026.jpg,[238],270,"[270, 77, 118, 189, 13]",0.0,0.0
M7 Gradient orientation,L1,00027.jpg,[67],264,"[264, 183, 277, 77, 67]",0.0,0.2
M7 Gradient orientation,L1,00028.jpg,[86],86,"[86, 49, 23, 203, 244]",1.0,1.0
M7 Gradient orientation,L1,00029.jpg,[133],154,"[154, 133, 104, 275, 132]",0.0,0.5
M7 Gradient orientation,chi2,00000.jpg,[120],141,"[141, 215, 32, 238, 229]",0.0,0.0
M7 Gradient orientation,chi2,00001.jpg,[170],29,"[29, 170, 113, 160, 177]",0.0,0.5
M7 Gradient orientation,chi2,00002.jpg,[277],277,"[277, 206, 270, 58, 45]",1.0,1.0
M7 Gradient orientation,chi2,00003.jpg,[227],72,"[72, 227, 54, 27, 120]",0.0,0.5
M7 Gradient orientation,chi2,00004.jpg,[251],251,"[251, 236, 157, 233, 120]",1.0,1.0
M7 Gradient orientation,chi2,00005.jpg,[274],46,"[46, 107, 130, 266, 247]",0.0,0.0
M7 Gradient orientation,chi2,00006.jpg,[285],114,"[114, 285, 264, 277, 24]",0.0,0.5
M7 Gradient orientation,chi2,00007.jpg,[258],258,"[258, 144, 116, 91, 163]",1.0,1.0
M7 Gradient orientation,chi2,00008.jpg,[117],117,"[117, 278, 69, 11, 208]",1.0,1.0
M7 Gradient orientation,chi2,00009.jpg,[203],203,"[203, 60, 86, 55, 271]",1.0,1.0
M7 Gradient orientation,chi2,00010.jpg,[192],192,"[192, 257, 184, 268, 2]",1.0,1.0
M7 Gradient orientation,chi2,00011.jpg,[22],22,"[22, 239, 174, 237, 167]",1.0,1.0
M7 Gradient orientation,chi2,00012.jpg,[113],285,"[285, 160, 186, 101, 114]",0.0,0.0
M7 Gradient orientation,chi2,00013.jpg,[101],270,"[270, 170, 75, 118, 285]",0.0,0.0
M7 Gradient orientation,chi2,00014.jpg,[174],168,"[168, 174, 193, 248, 120]",0.0,0.5
M7 Gradient orientation,chi2,00015.jpg,[155],155,"[155, 205, 110, 265, 228]",1.0,1.0
M7 Gradient orientation,chi2,00016.jpg,[270],264,"[264, 283, 67, 277, 118]",0.0,0.0
M7 Gradient orientation,chi2,00017.jpg,[47],257,"[257, 52, 77, 2, 268]",0.0,0.0
M7 Gradient orientation,chi2,00018.jpg,[286],286,"[286, 55, 138, 254, 271]",1.0,1.0
M7 Gradient orientation,chi2,00019.jpg,[215],215,"[215, 170, 113, 29, 123]",1.0,1.0
M7 Gradient orientation,chi2,00020.jpg,[262],262,"[262, 145, 40, 139, 85]",1.0,1.0
M7 Gradient orientation,chi2,00021.jpg,[245],245,"[245, 264, 183, 24, 100]",1.0,1.0
M7 Gradient orientation,chi2,00022.jpg,[257],257,"[257, 192, 268, 77, 13]",1.0,1.0
M7 Gradient orientation,chi2,00023.jpg,[182],182,"[182, 281, 70, 258, 44]",1.0,1.0
M7 Gradient orientation,chi2,00024.jpg,[262],262,"[262, 40, 246, 145, 85]",1.0,1.0
M7 Gradient orientation,chi2,00025.jpg,[38],77,"[77, 45, 13, 58, 52]",0.0,0.0
M7 Gradient orientation,chi2,00026.jpg,[238],270,"[270, 189, 118, 170, 75]",0.0,0.0
M7 Gradient orientation,chi2,00027.jpg,[67],52,"[52, 183, 67, 264, 77]",0.0,0.3333333333333333
M7 Gradient orientation,chi2,00028.jpg,[86],86,"[86, 203, 49, 244, 271]",1.0,1.0
M7 Gradient orientation,chi2,00029.jpg,[133],154,"[154, 133, 43, 104, 275]",0.0,0.5
M7 Gradient orientation,intersection,00000.jpg,[120],141,"[141, 215, 238, 261, 32]",0.0,0.0
M7 Gradient orientation,intersection,00001.jpg,[170],90,"[90, 113, 29, 170, 177]",0.0,0.25
M7 Gradient orientation,intersection,00002.jpg,[277],206,"[206, 270, 277, 118, 101]",0.0,0.3333333333333333
M7 Gradient orientation,intersection,00003.jpg,[227],72,"[72, 227, 54, 120, 27]",0.0,0.5
M7 Gradient orientation,intersection,00004.jpg,[251],251,"[251, 236, 157, 233, 76]",1.0,1.0
M7 Gradient orientation,intersection,00005.jpg,[274],46,"[46, 107, 266, 130, 140]",0.0,0.0
M7 Gradient orientation,intersection,00006.jpg,[285],114,"[114, 285, 264, 283, 277]",0.0,0.5
M7 Gradient orientation,intersection,00007.jpg,[258],258,"[258, 91, 144, 278, 116]",1.0,1.0
M7 Gradient orientation,intersection,00008.jpg,[117],117,"[117, 69, 278, 11, 208]",1.0,1.0
M7 Gradient orientation,intersection,00009.jpg,[203],203,"[203, 60, 271, 286, 86]",1.0,1.0
M7 Gradient orientation,intersection,00010.jpg,[192],192,"[192, 257, 184, 268, 2]",1.0,1.0
M7 Gradient orientation,intersection,00011.jpg,[22],22,"[22, 239, 174, 237, 140]",1.0,1.0
M7 Gradient orientation,intersection,00012.jpg,[113],285,"[285, 160, 101, 58, 18]",0.0,0.0
M7 Gradient orientation,intersection,00013.jpg,[101],270,"[270, 75, 90, 118, 285]",0.0,0.0
M7 Gradient orientation,intersection,00014.jpg,[174],168,"[168, 174, 193, 27, 68]",0.0,0.5
M7 Gradient orientation,intersection,00015.jpg,[155],155,"[155, 205, 110, 228, 81]",1.0,1.0
M7 Gradient orientation,intersection,00016.jpg,[270],264,"[264, 118, 222, 277, 24]",0.0,0.0
M7 Gradient orientation,intersection,00017.jpg,[47],268,"[268, 257, 52, 77, 0]",0.0,0.0
M7 Gradient orientation,intersection,00018.jpg,[286],55,"[55, 286, 254, 138, 15]",0.0,0.5
M7 Gradient orientation,intersection,00019.jpg,[215],170,"[170, 215, 113, 29, 123]",0.0,0.5
M7 Gradient orientation,intersection,00020.jpg,[262],262,"[262, 145, 40, 212, 56]",1.0,1.0
M7 Gradient orientation,intersection,00021.jpg,[245],245,"[245, 264, 24, 183, 277]",1.0,1.0
M7 Gradient orientation,intersection,00022.jpg,[257],257,"[257, 268, 192, 13, 77]",1.0,1.0
M7 Gradient orientation,intersection,00023.jpg,[182],182,"[182, 70, 281, 103, 44]",1.0,1.0
M7 Gradient orientation,intersection,00024.jpg,[262],262,"[262, 40, 246, 145, 104]",1.0,1.0
M7 Gradient orientation,intersection,00025.jpg,[38],77,"[77, 45, 277, 13, 58]",0.0,0.0
M7 Gradient orientation,intersection,00026.jpg,[238],270,"[270, 77, 118, 189, 13]",0.0,0.0
M7 Gradient orientation,intersection,00027.jpg,[67],264,"[264, 183, 277, 77, 67]",0.0,0.2
M7 Gradient orientation,intersection,00028.jpg,[86],86,"[86, 49, 23, 203, 244]",1.0,1.0
M7 Gradient orientation,intersection,00029.jpg,[133],154,"[154, 133, 104, 275, 132]",0.0,0.5
M7 Gradient orientation,hellinger,00000.jpg,[120],141,"[141, 215, 32, 238, 229]",0.0,0.0
M7 Gradient orientation,hellinger,00001.jpg,[170],29,"[29, 170, 113, 160, 177]",0.0,0.5
M7 Gradient orientation,hellinger,00002.jpg,[277],277,"[277, 206, 270, 58, 45]",1.0,1.0
M7 Gradient orientation,hellinger,00003.jpg,[227],72,"[72, 227, 54, 27, 120]",0.0,0.5
M7 Gradient orientation,hellinger,00004.jpg,[251],251,"[251, 236, 157, 233, 120]",1.0,1.0
M7 Gradient orientation,hellinger,00005.jpg,[274],46,"[46, 107, 130, 266, 247]",0.0,0.0
M7 Gradient orientation,hellinger,00006.jpg,[285],114,"[114, 285, 264, 277, 24]",0.0,0.5
M7 Gradient orientation,hellinger,00007.jpg,[258],258,"[258, 144, 116, 91, 163]",1.0,1.0
M7 Gradient orientation,hellinger,00008.jpg,[117],117,"[117, 278, 69, 11, 208]",1.0,1.0
M7 Gradient orientation,hellinger,00009.jpg,[203],203,"[203, 60, 86, 55, 271]",1.0,1.0
M7 Gradient orientation,hellinger,00010.jpg,[192],192,"[192, 257, 184, 268, 2]",1.0,1.0
M7 Gradient orientation,hellinger,00011.jpg,[22],22,"[22, 239, 174, 237, 167]",1.0,1.0
M7 Gradient orientation,hellinger,00012.jpg,[113],285,"[285, 160, 186, 101, 114]",0.0,0.0
M7 Gradient orientation,hellinger,00013.jpg,[101],270,"[270, 170, 75, 118, 285]",0.0,0.0
M7 Gradient orientation,hellinger,00014.jpg,[174],168,"[168, 174, 193, 248, 120]",0.0,0.5
M7 Gradient orientation,hellinger,00015.jpg,[155],155,"[155, 205, 110, 265, 228]",1.0,1.0
M7 Gradient orientation,hellinger,00016.jpg,[270],264,"[264, 283, 67, 277, 118]",0.0,0.0
M7 Gradient orientation,hellinger,00017.jpg,[47],257,"[257, 52, 77, 2, 268]",0.0,0.0
M7 Gradient orientation,hellinger,00018.jpg,[286],286,"[286, 55, 138, 254, 271]",1.0,1.0
M7 Gradient orientation,hellinger,00019.jpg,[215],215,"[215, 170, 113, 29, 123]",1.0,1.0
M7 Gradient orientation,hellinger,00020.jpg,[262],262,"[262, 145, 40, 139, 85]",1.0,1.0
M7 Gradient orientation,hellinger,00021.jpg,[245],245,"[245, 264, 183, 24, 100]",1.0,1.0
M7 Gradient orientation,hellinger,00022.jpg,[257],257,"[257, 192, 268, 77, 13]",1.0,1.0
M7 Gradient orientation,hellinger,00023.jpg,[182],182,"[182, 281, 70, 258, 44]",1.0,1.0
M7 Gradient orientation,hellinger,00024.jpg,[262],262,"[262, 40, 246, 145, 85]",1.0,1.0
M7 Gradient orientation,hellinger,00025.jpg,[38],77,"[77, 45, 13, 58, 52]",0.0,0.0
M7 Gradient orientation,hellinger,00026.jpg,[238],270,"[270, 189, 118, 170, 75]",0.0,0.0
M7 Gradient orientation,hellinger,00027.jpg,[67],52,"[52, 183, 67, 264, 77]",0.0,0.3333333333333333
M7 Gradient orientation,hellinger,00028.jpg,[86],86,"[86, 203, 49, 244, 271]",1.0,1.0
M7 Gradient orientation,hellinger,00029.jpg,[133],154,"[154, 133, 43, 104, 275]",0.0,0.5
M7 Gradient orientation,cosine,00000.jpg,[120],141,"[141, 252, 215, 100, 229]",0.0,0.0
M7 Gradient orientation,cosine,00001.jpg,[170],90,"[90, 113, 36, 206, 177]",0.0,0.0
M7 Gradient orientation,cosine,00002.jpg,[277],206,"[206, 270, 285, 118, 160]",0.0,0.0
M7 Gradient orientation,cosine,00003.jpg,[227],72,"[72, 227, 120, 54, 27]",0.0,0.5
M7 Gradient orientation,cosine,00004.jpg,[251],251,"[251, 236, 115, 157, 54]",1.0,1.0
M7 Gradient orientation,cosine,00005.jpg,[274],46,"[46, 130, 107, 266, 247]",0.0,0.0
M7 Gradient orientation,cosine,00006.jpg,[285],264,"[264, 114, 277, 24, 222]",0.0,0.0
M7 Gradient orientation,cosine,00007.jpg,[258],258,"[258, 91, 144, 33, 142]",1.0,1.0
M7 Gradient orientation,cosine,00008.jpg,[117],117,"[117, 278, 18, 249, 11]",1.0,1.0
M7 Gradient orientation,cosine,00009.jpg,[203],203,"[203, 86, 60, 271, 125]",1.0,1.0
M7 Gradient orientation,cosine,00010.jpg,[192],192,"[192, 257, 184, 0, 210]",1.0,1.0
M7 Gradient orientation,cosine,00011.jpg,[22],22,"[22, 239, 174, 237, 173]",1.0,1.0
M7 Gradient orientation,cosine,00012.jpg,[113],285,"[285, 18, 101, 160, 123]",0.0,0.0
M7 Gradient orientation,cosine,00013.jpg,[101],118,"[118, 170, 270, 90, 75]",0.0,0.0
M7 Gradient orientation,cosine,00014.jpg,[174],168,"[168, 248, 193, 27, 174]",0.0,0.2
M7 Gradient orientation,cosine,00015.jpg,[155],155,"[155, 205, 110, 228, 265]",1.0,1.0
M7 Gradient orientation,cosine,00016.jpg,[270],264,"[264, 222, 277, 118, 45]",0.0,0.0
M7 Gradient orientation,cosine,00017.jpg,[47],268,"[268, 257, 13, 2, 192]",0.0,0.0
M7 Gradient orientation,cosine,00018.jpg,[286],55,"[55, 286, 254, 163, 15]",0.0,0.5
M7 Gradient orientation,cosine,00019.jpg,[215],170,"[170, 29, 113, 160, 123]",0.0,0.0
M7 Gradient orientation,cosine,00020.jpg,[262],262,"[262, 145, 212, 85, 33]",1.0,1.0
M7 Gradient orientation,cosine,00021.jpg,[245],264,"[264, 277, 114, 45, 245]",0.0,0.2
M7 Gradient orientation,cosine,00022.jpg,[257],268,"[268, 257, 13, 192, 255]",0.0,0.5
M7 Gradient orientation,cosine,00023.jpg,[182],70,"[70, 281, 182, 54, 103]",0.0,0.3333333333333333
M7 Gradient orientation,cosine,00024.jpg,[262],262,"[262, 40, 145, 85, 246]",1.0,1.0
M7 Gradient orientation,cosine,00025.jpg,[38],268,"[268, 13, 77, 257, 100]",0.0,0.0
M7 Gradient orientation,cosine,00026.jpg,[238],118,"[118, 270, 170, 208, 75]",0.0,0.0
M7 Gradient orientation,cosine,00027.jpg,[67],183,"[183, 277, 45, 118, 264]",0.0,0.0
M7 Gradient orientation,cosine,00028.jpg,[86],86,"[86, 203, 49, 55, 92]",1.0,1.0
M7 Gradient orientation,cosine,00029.jpg,[133],154,"[154, 104, 43, 218, 133]",0.0,0.2
M7 Gradient orientation,correlation,00000.jpg,[120],100,"[100, 141, 246, 252, 229]",0.0,0.0
M7 Gradient orientation,correlation,00001.jpg,[170],36,"[36, 90, 144, 113, 222]",0.0,0.0
M7 Gradient orientation,correlation,00002.jpg,[277],113,"[113, 285, 278, 160, 206]",0.0,0.0
M7 Gradient orientation,correlation,00003.jpg,[227],72,"[72, 232, 281, 70, 227]",0.0,0.2
M7 Gradient orientation,correlation,00004.jpg,[251],268,"[268, 236, 251, 257, 13]",0.0,0.3333333333333333
M7 Gradient orientation,correlation,00005.jpg,[274],236,"[236, 268, 257, 115, 192]",0.0,0.0
M7 Gradient orientation,correlation,00006.jpg,[285],264,"[264, 139, 114, 138, 277]",0.0,0.0
M7 Gradient orientation,correlation,00007.jpg,[258],73,"[73, 45, 271, 258, 91]",0.0,0.25
M7 Gradient orientation,correlation,00008.jpg,[117],117,"[117, 278, 101, 18, 42]",1.0,1.0
M7 Gradient orientation,correlation,00009.jpg,[203],203,"[203, 79, 125, 205, 86]",1.0,1.0
M7 Gradient orientation,correlation,00010.jpg,[192],192,"[192, 235, 140, 0, 257]",1.0,1.0
M7 Gradient orientation,correlation,00011.jpg,[22],94,"[94, 22, 239, 184, 194]",0.0,0.5
M7 Gradient orientation,correlation,00012.jpg,[113],101,"[101, 278, 18, 285, 160]",0.0,0.0
M7 Gradient orientation,correlation,00013.jpg,[101],118,"[118, 170, 113, 270, 90]",0.0,0.0
M7 Gradient orientation,correlation,00014.jpg,[174],168,"[168, 225, 233, 248, 261]",0.0,0.0
M7 Gradient orientation,correlation,00015.jpg,[155],283,"[283, 254, 163, 286, 240]",0.0,0.0
M7 Gradient orientation,correlation,00016.jpg,[270],264,"[264, 138, 33, 222, 90]",0.0,0.0
M7 Gradient orientation,correlation,00017.jpg,[47],141,"[141, 115, 268, 13, 236]",0.0,0.0
M7 Gradient orientation,correlation,00018.jpg,[286],55,"[55, 286, 240, 163, 190]",0.0,0.5
M7 Gradient orientation,correlation,00019.jpg,[215],160,"[160, 29, 285, 145, 170]",0.0,0.0
M7 Gradient orientation,correlation,00020.jpg,[262],262,"[262, 101, 270, 170, 67]",1.0,1.0
M7 Gradient orientation,correlation,00021.jpg,[245],264,"[264, 56, 139, 91, 33]",0.0,0.0
M7 Gradient orientation,correlation,00022.jpg,[257],13,"[13, 268, 257, 236, 192]",0.0,0.3333333333333333
M7 Gradient orientation,correlation,00023.jpg,[182],44,"[44, 84, 147, 161, 70]",0.0,0.0
M7 Gradient orientation,correlation,00024.jpg,[262],69,"[69, 259, 207, 58, 42]",0.0,0.0
M7 Gradient orientation,correlation,00025.jpg,[38],182,"[182, 141, 13, 268, 236]",0.0,0.0
M7 Gradient orientation,correlation,00026.jpg,[238],92,"[92, 49, 266, 262, 212]",0.0,0.0
M7 Gradient orientation,correlation,00027.jpg,[67],91,"[91, 40, 277, 45, 11]",0.0,0.0
M7 Gradient orientation,correlation,00028.jpg,[86],86,"[86, 59, 164, 79, 240]",1.0,1.0
M7 Gradient orientation,correlation,00029.jpg,[133],43,"[43, 218, 154, 116, 249]",0.0,0.0
M7 Gradient orientation,jensen_shannon,00000.jpg,[120],141,"[141, 215, 32, 238, 229]",0.0,0.0
M7 Gradient orientation,jensen_shannon,00001.jpg,[170],29,"[29, 170, 113, 160, 177]",0.0,0.5
M7 Gradient orientation,jensen_shannon,00002.jpg,[277],277,"[277, 206, 270, 58, 45]",1.0,1.0
M7 Gradient orientation,jensen_shannon,00003.jpg,[227],72,"[72, 227, 54, 27, 120]",0.0,0.5
M7 Gradient orientation,jensen_shannon,00004.jpg,[251],251,"[251, 236, 157, 233, 120]",1.0,1.0
M7 Gradient orientation,jensen_shannon,00005.jpg,[274],46,"[46, 107, 130, 266, 247]",0.0,0.0
M7 Gradient orientation,jensen_shannon,00006.jpg,[285],114,"[114, 285, 264, 277, 24]",0.0,0.5
M7 Gradient orientation,jensen_shannon,00007.jpg,[258],258,"[258, 144, 116, 91, 163]",1.0,1.0
M7 Gradient orientation,jensen_shannon,00008.jpg,[117],117,"[117, 278, 69, 11, 208]",1.0,1.0
M7 Gradient orientation,jensen_shannon,00009.jpg,[203],203,"[203, 60, 86, 55, 271]",1.0,1.0
M7 Gradient orientation,jensen_shannon,00010.jpg,[192],192,"[192, 257, 184, 268, 2]",1.0,1.0
M7 Gradient orientation,jensen_shannon,00011.jpg,[22],22,"[22, 239, 174, 237, 167]",1.0,1.0
M7 Gradient orientation,jensen_shannon,00012.jpg,[113],285,"[285, 160, 186, 101, 114]",0.0,0.0
M7 Gradient orientation,jensen_shannon,00013.jpg,[101],270,"[270, 170, 75, 118, 285]",0.0,0.0
M7 Gradient orientation,jensen_shannon,00014.jpg,[174],168,"[168, 174, 193, 248, 120]",0.0,0.5
M7 Gradient orientation,jensen_shannon,00015.jpg,[155],155,"[155, 205, 110, 265, 228]",1.0,1.0
M7 Gradient orientation,jensen_shannon,00016.jpg,[270],264,"[264, 283, 67, 277, 118]",0.0,0.0
M7 Gradient orientation,jensen_shannon,00017.jpg,[47],257,"[257, 52, 77, 2, 268]",0.0,0.0
M7 Gradient orientation,jensen_shannon,00018.jpg,[286],286,"[286, 55, 138, 254, 271]",1.0,1.0
M7 Gradient orientation,jensen_shannon,00019.jpg,[215],215,"[215, 170, 113, 29, 123]",1.0,1.0
M7 Gradient orientation,jensen_shannon,00020.jpg,[262],262,"[262, 145, 40, 139, 85]",1.0,1.0
M7 Gradient orientation,jensen_shannon,00021.jpg,[245],245,"[245, 264, 183, 24, 100]",1.0,1.0
M7 Gradient orientation,jensen_shannon,00022.jpg,[257],257,"[257, 192, 268, 77, 13]",1.0,1.0
M7 Gradient orientation,jensen_shannon,00023.jpg,[182],182,"[182, 281, 70, 258, 44]",1.0,1.0
M7 Gradient orientation,jensen_shannon,00024.jpg,[262],262,"[262, 40, 246, 145, 85]",1.0,1.0
M7 Gradient orientation,jensen_shannon,00025.jpg,[38],77,"[77, 45, 13, 58, 52]",0.0,0.0
M7 Gradient orientation,jensen_shannon,00026.jpg,[238],270,"[270, 189, 118, 170, 75]",0.0,0.0
M7 Gradient orientation,jensen_shannon,00027.jpg,[67],52,"[52, 183, 67, 264, 77]",0.0,0.3333333333333333
M7 Gradient orientation,jensen_shannon,00028.jpg,[86],86,"[86, 203, 49, 244, 271]",1.0,1.0
M7 Gradient orientation,jensen_shannon,00029.jpg,[133],154,"[154, 133, 43, 104, 275]",0.0,0.5
M7 Gradient orientation,emd,00000.jpg,[120],141,"[141, 70, 215, 229, 76]",0.0,0.0
M7 Gradient orientation,emd,00001.jpg,[170],142,"[142, 90, 95, 206, 36]",0.0,0.0
M7 Gradient orientation,emd,00002.jpg,[277],36,"[36, 118, 142, 285, 18]",0.0,0.0
M7 Gradient orientation,emd,00003.jpg,[227],72,"[72, 54, 227, 246, 193]",0.0,0.3333333333333333
M7 Gradient orientation,emd,00004.jpg,[251],57,"[57, 225, 223, 31, 256]",0.0,0.0
M7 Gradient orientation,emd,00005.jpg,[274],46,"[46, 39, 107, 130, 140]",0.0,0.0
M7 Gradient orientation,emd,00006.jpg,[285],114,"[114, 264, 277, 258, 45]",0.0,0.0
M7 Gradient orientation,emd,00007.jpg,[258],258,"[258, 73, 150, 91, 254]",1.0,1.0
M7 Gradient orientation,emd,00008.jpg,[117],117,"[117, 11, 258, 69, 114]",1.0,1.0
M7 Gradient orientation,emd,00009.jpg,[203],203,"[203, 86, 55, 83, 15]",1.0,1.0
M7 Gradient orientation,emd,00010.jpg,[192],0,"[0, 184, 192, 268, 210]",0.0,0.3333333333333333
M7 Gradient orientation,emd,00011.jpg,[22],22,"[22, 239, 167, 234, 172]",1.0,1.0
M7 Gradient orientation,emd,00012.jpg,[113],160,"[160, 285, 18, 170, 118]",0.0,0.0
M7 Gradient orientation,emd,00013.jpg,[101],270,"[270, 75, 113, 208, 118]",0.0,0.0
M7 Gradient orientation,emd,00014.jpg,[174],168,"[168, 174, 120, 54, 72]",0.0,0.5
M7 Gradient orientation,emd,00015.jpg,[155],265,"[265, 155, 126, 50, 106]",0.0,0.5
M7 Gradient orientation,emd,00016.jpg,[270],45,"[45, 264, 277, 36, 222]",0.0,0.0
M7 Gradient orientation,emd,00017.jpg,[47],2,"[2, 209, 178, 257, 52]",0.0,0.0
M7 Gradient orientation,emd,00018.jpg,[286],55,"[55, 286, 15, 188, 203]",0.0,0.5
M7 Gradient orientation,emd,00019.jpg,[215],249,"[249, 218, 170, 160, 285]",0.0,0.0
M7 Gradient orientation,emd,00020.jpg,[262],262,"[262, 104, 40, 145, 56]",1.0,1.0
M7 Gradient orientation,emd,00021.jpg,[245],24,"[24, 114, 277, 183, 58]",0.0,0.0
M7 Gradient orientation,emd,00022.jpg,[257],257,"[257, 268, 47, 192, 209]",1.0,1.0
M7 Gradient orientation,emd,00023.jpg,[182],182,"[182, 258, 11, 114, 104]",1.0,1.0
M7 Gradient orientation,emd,00024.jpg,[262],132,"[132, 246, 104, 27, 275]",0.0,0.0
M7 Gradient orientation,emd,00025.jpg,[38],77,"[77, 13, 189, 207, 259]",0.0,0.0
M7 Gradient orientation,emd,00026.jpg,[238],208,"[208, 75, 49, 8, 189]",0.0,0.0
M7 Gradient orientation,emd,00027.jpg,[67],183,"[183, 24, 58, 277, 264]",0.0,0.0
M7 Gradient orientation,emd,00028.jpg,[86],86,"[86, 203, 164, 49, 55]",1.0,1.0
M7 Gradient orientation,emd,00029.jpg,[133],116,"[116, 43, 154, 218, 84]",0.0,0.0
M8 LBP,euclidean,00000.jpg,[120],120,"[120, 233, 174, 48, 186]",1.0,1.0
M8 LBP,euclidean,00001.jpg,[170],260,"[260, 196, 123, 244, 113]",0.0,0.0
M8 LBP,euclidean,00002.jpg,[277],269,"[269, 236, 229, 178, 38]",0.0,0.0
M8 LBP,euclidean,00003.jpg,[227],227,"[227, 39, 48, 233, 239]",1.0,1.0
M8 LBP,euclidean,00004.jpg,[251],184,"[184, 49, 89, 247, 173]",0.0,0.0
M8 LBP,euclidean,00005.jpg,[274],263,"[263, 14, 22, 284, 4]",0.0,0.0
M8 LBP,euclidean,00006.jpg,[285],229,"[229, 141, 178, 269, 38]",0.0,0.0
M8 LBP,euclidean,00007.jpg,[258],159,"[159, 56, 2, 141, 44]",0.0,0.0
M8 LBP,euclidean,00008.jpg,[117],45,"[45, 75, 38, 24, 204]",0.0,0.0
M8 LBP,euclidean,00009.jpg,[203],211,"[211, 281, 280, 144, 97]",0.0,0.0
M8 LBP,euclidean,00010.jpg,[192],192,"[192, 115, 13, 51, 215]",1.0,1.0
M8 LBP,euclidean,00011.jpg,[22],145,"[145, 14, 157, 85, 73]",0.0,0.0
M8 LBP,euclidean,00012.jpg,[113],278,"[278, 90, 43, 252, 9]",0.0,0.0
M8 LBP,euclidean,00013.jpg,[101],229,"[229, 178, 269, 141, 236]",0.0,0.0
M8 LBP,euclidean,00014.jpg,[174],255,"[255, 227, 142, 127, 22]",0.0,0.0
M8 LBP,euclidean,00015.jpg,[155],139,"[139, 8, 17, 50, 223]",0.0,0.0
M8 LBP,euclidean,00016.jpg,[270],269,"[269, 229, 141, 236, 75]",0.0,0.0
M8 LBP,euclidean,00017.jpg,[47],2,"[2, 159, 56, 268, 141]",0.0,0.0
M8 LBP,euclidean,00018.jpg,[286],116,"[116, 205, 132, 84, 31]",0.0,0.0
M8 LBP,euclidean,00019.jpg,[215],215,"[215, 51, 57, 192, 69]",1.0,1.0
M8 LBP,euclidean,00020.jpg,[262],49,"[49, 41, 89, 128, 173]",0.0,0.0
M8 LBP,euclidean,00021.jpg,[245],2,"[2, 268, 209, 159, 245]",0.0,0.2
M8 LBP,euclidean,00022.jpg,[257],236,"[236, 75, 47, 189, 257]",0.0,0.2
M8 LBP,euclidean,00023.jpg,[182],269,"[269, 236, 229, 189, 75]",0.0,0.0
M8 LBP,euclidean,00024.jpg,[262],75,"[75, 45, 49, 189, 24]",0.0,0.0
M8 LBP,euclidean,00025.jpg,[38],229,"[229, 141, 56, 159, 269]",0.0,0.0
M8 LBP,euclidean,00026.jpg,[238],268,"[268, 209, 175, 2, 44]",0.0,0.0
M8 LBP,euclidean,00027.jpg,[67],268,"[268, 209, 2, 159, 44]",0.0,0.0
M8 LBP,euclidean,00028.jpg,[86],139,"[139, 17, 171, 86, 33]",0.0,0.25
M8 LBP,euclidean,00029.jpg,[133],133,"[133, 145, 76, 97, 157]",1.0,1.0
M8 LBP,L1,00000.jpg,[120],120,"[120, 282, 233, 202, 174]",1.0,1.0
M8 LBP,L1,00001.jpg,[170],123,"[123, 260, 196, 154, 244]",0.0,0.0
M8 LBP,L1,00002.jpg,[277],229,"[229, 141, 269, 24, 208]",0.0,0.0
M8 LBP,L1,00003.jpg,[227],227,"[227, 39, 248, 239, 233]",1.0,1.0
M8 LBP,L1,00004.jpg,[251],49,"[49, 157, 184, 243, 97]",0.0,0.0
M8 LBP,L1,00005.jpg,[274],14,"[14, 263, 22, 142, 284]",0.0,0.0
M8 LBP,L1,00006.jpg,[285],229,"[229, 141, 269, 208, 159]",0.0,0.0
M8 LBP,L1,00007.jpg,[258],2,"[2, 141, 159, 229, 56]",0.0,0.0
M8 LBP,L1,00008.jpg,[117],208,"[208, 280, 49, 204, 281]",0.0,0.0
M8 LBP,L1,00009.jpg,[203],211,"[211, 281, 208, 280, 49]",0.0,0.0
M8 LBP,L1,00010.jpg,[192],192,"[192, 225, 115, 215, 51]",1.0,1.0
M8 LBP,L1,00011.jpg,[22],145,"[145, 157, 14, 85, 97]",0.0,0.0
M8 LBP,L1,00012.jpg,[113],259,"[259, 170, 278, 113, 70]",0.0,0.25
M8 LBP,L1,00013.jpg,[101],24,"[24, 229, 269, 141, 75]",0.0,0.0
M8 LBP,L1,00014.jpg,[174],227,"[227, 255, 127, 142, 235]",0.0,0.0
M8 LBP,L1,00015.jpg,[155],139,"[139, 22, 4, 263, 8]",0.0,0.0
M8 LBP,L1,00016.jpg,[270],269,"[269, 208, 24, 2, 204]",0.0,0.0
M8 LBP,L1,00017.jpg,[47],2,"[2, 268, 229, 141, 159]",0.0,0.0
M8 LBP,L1,00018.jpg,[286],116,"[116, 132, 135, 84, 63]",0.0,0.0
M8 LBP,L1,00019.jpg,[215],215,"[215, 57, 51, 69, 192]",1.0,1.0
M8 LBP,L1,00020.jpg,[262],49,"[49, 97, 246, 145, 75]",0.0,0.0
M8 LBP,L1,00021.jpg,[245],2,"[2, 268, 209, 159, 141]",0.0,0.0
M8 LBP,L1,00022.jpg,[257],236,"[236, 189, 75, 279, 24]",0.0,0.0
M8 LBP,L1,00023.jpg,[182],229,"[229, 141, 208, 269, 2]",0.0,0.0
M8 LBP,L1,00024.jpg,[262],75,"[75, 49, 24, 45, 189]",0.0,0.0
M8 LBP,L1,00025.jpg,[38],229,"[229, 141, 2, 159, 269]",0.0,0.0
M8 LBP,L1,00026.jpg,[238],268,"[268, 209, 2, 159, 56]",0.0,0.0
M8 LBP,L1,00027.jpg,[67],268,"[268, 2, 209, 141, 229]",0.0,0.0
M8 LBP,L1,00028.jpg,[86],139,"[139, 226, 17, 19, 86]",0.0,0.2
M8 LBP,L1,00029.jpg,[133],133,"[133, 145, 212, 281, 157]",1.0,1.0
M8 LBP,chi2,00000.jpg,[120],120,"[120, 282, 233, 174, 39]",1.0,1.0
M8 LBP,chi2,00001.jpg,[170],123,"[123, 260, 244, 154, 84]",0.0,0.0
M8 LBP,chi2,00002.jpg,[277],229,"[229, 141, 2, 208, 75]",0.0,0.0
M8 LBP,chi2,00003.jpg,[227],227,"[227, 39, 105, 239, 233]",1.0,1.0
M8 LBP,chi2,00004.jpg,[251],49,"[49, 243, 157, 75, 97]",0.0,0.0
M8 LBP,chi2,00005.jpg,[274],14,"[14, 142, 263, 139, 97]",0.0,0.0
M8 LBP,chi2,00006.jpg,[285],229,"[229, 141, 208, 56, 159]",0.0,0.0
M8 LBP,chi2,00007.jpg,[258],141,"[141, 229, 159, 2, 56]",0.0,0.0
M8 LBP,chi2,00008.jpg,[117],208,"[208, 49, 204, 280, 211]",0.0,0.0
M8 LBP,chi2,00009.jpg,[203],281,"[281, 211, 208, 49, 280]",0.0,0.0
M8 LBP,chi2,00010.jpg,[192],192,"[192, 225, 215, 51, 57]",1.0,1.0
M8 LBP,chi2,00011.jpg,[22],145,"[145, 157, 14, 85, 97]",0.0,0.0
M8 LBP,chi2,00012.jpg,[113],259,"[259, 170, 70, 113, 278]",0.0,0.25
M8 LBP,chi2,00013.jpg,[101],24,"[24, 229, 75, 141, 2]",0.0,0.0
M8 LBP,chi2,00014.jpg,[174],227,"[227, 127, 255, 105, 235]",0.0,0.0
M8 LBP,chi2,00015.jpg,[155],139,"[139, 4, 22, 263, 8]",0.0,0.0
M8 LBP,chi2,00016.jpg,[270],208,"[208, 269, 2, 204, 24]",0.0,0.0
M8 LBP,chi2,00017.jpg,[47],2,"[2, 268, 229, 141, 209]",0.0,0.0
M8 LBP,chi2,00018.jpg,[286],116,"[116, 84, 135, 63, 31]",0.0,0.0
M8 LBP,chi2,00019.jpg,[215],215,"[215, 51, 57, 69, 259]",1.0,1.0
M8 LBP,chi2,00020.jpg,[262],49,"[49, 97, 246, 75, 212]",0.0,0.0
M8 LBP,chi2,00021.jpg,[245],2,"[2, 268, 209, 141, 229]",0.0,0.0
M8 LBP,chi2,00022.jpg,[257],75,"[75, 279, 49, 236, 189]",0.0,0.0
M8 LBP,chi2,00023.jpg,[182],208,"[208, 229, 141, 2, 49]",0.0,0.0
M8 LBP,chi2,00024.jpg,[262],75,"[75, 49, 24, 45, 189]",0.0,0.0
M8 LBP,chi2,00025.jpg,[38],229,"[229, 2, 141, 208, 159]",0.0,0.0
M8 LBP,chi2,00026.jpg,[238],268,"[268, 209, 2, 159, 141]",0.0,0.0
M8 LBP,chi2,00027.jpg,[67],2,"[2, 268, 141, 229, 209]",0.0,0.0
M8 LBP,chi2,00028.jpg,[86],139,"[139, 226, 86, 284, 19]",0.0,0.3333333333333333
M8 LBP,chi2,00029.jpg,[133],133,"[133, 212, 281, 145, 76]",1.0,1.0
M8 LBP,intersection,00000.jpg,[120],120,"[120, 282, 233, 202, 174]",1.0,1.0
M8 LBP,intersection,00001.jpg,[170],123,"[123, 260, 196, 154, 244]",0.0,0.0
M8 LBP,intersection,00002.jpg,[277],229,"[229, 141, 269, 24, 208]",0.0,0.0
M8 LBP,intersection,00003.jpg,[227],227,"[227, 39, 248, 239, 233]",1.0,1.0
M8 LBP,intersection,00004.jpg,[251],49,"[49, 157, 184, 243, 97]",0.0,0.0
M8 LBP,intersection,00005.jpg,[274],14,"[14, 263, 22, 142, 284]",0.0,0.0
M8 LBP,intersection,00006.jpg,[285],229,"[229, 141, 269, 208, 159]",0.0,0.0
M8 LBP,intersection,00007.jpg,[258],2,"[2, 141, 159, 229, 56]",0.0,0.0
M8 LBP,intersection,00008.jpg,[117],208,"[208, 280, 49, 204, 281]",0.0,0.0
M8 LBP,intersection,00009.jpg,[203],211,"[211, 281, 208, 280, 49]",0.0,0.0
M8 LBP,intersection,00010.jpg,[192],192,"[192, 225, 115, 215, 51]",1.0,1.0
M8 LBP,intersection,00011.jpg,[22],145,"[145, 157, 14, 85, 97]",0.0,0.0
M8 LBP,intersection,00012.jpg,[113],259,"[259, 170, 278, 113, 70]",0.0,0.25
M8 LBP,intersection,00013.jpg,[101],24,"[24, 229, 269, 141, 75]",0.0,0.0
M8 LBP,intersection,00014.jpg,[174],227,"[227, 255, 127, 142, 235]",0.0,0.0
M8 LBP,intersection,00015.jpg,[155],139,"[139, 22, 4, 263, 8]",0.0,0.0
M8 LBP,intersection,00016.jpg,[270],269,"[269, 208, 24, 2, 204]",0.0,0.0
M8 LBP,intersection,00017.jpg,[47],2,"[2, 268, 229, 141, 159]",0.0,0.0
M8 LBP,intersection,00018.jpg,[286],116,"[116, 132, 135, 84, 63]",0.0,0.0
M8 LBP,intersection,00019.jpg,[215],215,"[215, 57, 51, 69, 192]",1.0,1.0
M8 LBP,intersection,00020.jpg,[262],49,"[49, 97, 246, 145, 75]",0.0,0.0
M8 LBP,intersection,00021.jpg,[245],2,"[2, 268, 209, 159, 141]",0.0,0.0
M8 LBP,intersection,00022.jpg,[257],236,"[236, 189, 75, 279, 24]",0.0,0.0
M8 LBP,intersection,00023.jpg,[182],229,"[229, 141, 208, 269, 2]",0.0,0.0
M8 LBP,intersection,00024.jpg,[262],75,"[75, 49, 24, 45, 189]",0.0,0.0
M8 LBP,intersection,00025.jpg,[38],229,"[229, 141, 2, 159, 269]",0.0,0.0
M8 LBP,intersection,00026.jpg,[238],268,"[268, 209, 2, 159, 56]",0.0,0.0
M8 LBP,intersection,00027.jpg,[67],268,"[268, 2, 209, 141, 229]",0.0,0.0
M8 LBP,intersection,00028.jpg,[86],139,"[139, 226, 17, 19, 86]",0.0,0.2
M8 LBP,intersection,00029.jpg,[133],133,"[133, 145, 212, 281, 157]",1.0,1.0
M8 LBP,hellinger,00000.jpg,[120],120,"[120, 282, 233, 174, 39]",1.0,1.0
M8 LBP,hellinger,00001.jpg,[170],123,"[123, 260, 244, 154, 84]",0.0,0.0
M8 LBP,hellinger,00002.jpg,[277],229,"[229, 141, 2, 208, 75]",0.0,0.0
M8 LBP,hellinger,00003.jpg,[227],227,"[227, 39, 105, 239, 233]",1.0,1.0
M8 LBP,hellinger,00004.jpg,[251],49,"[49, 243, 157, 75, 97]",0.0,0.0
M8 LBP,hellinger,00005.jpg,[274],14,"[14, 142, 263, 97, 139]",0.0,0.0
M8 LBP,hellinger,00006.jpg,[285],229,"[229, 141, 208, 2, 56]",0.0,0.0
M8 LBP,hellinger,00007.jpg,[258],141,"[141, 229, 159, 2, 56]",0.0,0.0
M8 LBP,hellinger,00008.jpg,[117],208,"[208, 49, 204, 280, 211]",0.0,0.0
M8 LBP,hellinger,00009.jpg,[203],281,"[281, 211, 208, 49, 280]",0.0,0.0
M8 LBP,hellinger,00010.jpg,[192],192,"[192, 225, 215, 51, 57]",1.0,1.0
M8 LBP,hellinger,00011.jpg,[22],145,"[145, 157, 14, 85, 97]",0.0,0.0
M8 LBP,hellinger,00012.jpg,[113],259,"[259, 170, 70, 113, 278]",0.0,0.25
M8 LBP,hellinger,00013.jpg,[101],24,"[24, 229, 75, 2, 141]",0.0,0.0
M8 LBP,hellinger,00014.jpg,[174],227,"[227, 127, 255, 105, 235]",0.0,0.0
M8 LBP,hellinger,00015.jpg,[155],139,"[139, 4, 22, 263, 8]",0.0,0.0
M8 LBP,hellinger,00016.jpg,[270],208,"[208, 2, 269, 204, 268]",0.0,0.0
M8 LBP,hellinger,00017.jpg,[47],2,"[2, 268, 229, 141, 209]",0.0,0.0
M8 LBP,hellinger,00018.jpg,[286],116,"[116, 84, 135, 63, 31]",0.0,0.0
M8 LBP,hellinger,00019.jpg,[215],215,"[215, 51, 57, 69, 259]",1.0,1.0
M8 LBP,hellinger,00020.jpg,[262],49,"[49, 97, 246, 75, 212]",0.0,0.0
M8 LBP,hellinger,00021.jpg,[245],2,"[2, 268, 209, 141, 229]",0.0,0.0
M8 LBP,hellinger,00022.jpg,[257],75,"[75, 279, 49, 236, 189]",0.0,0.0
M8 LBP,hellinger,00023.jpg,[182],208,"[208, 229, 141, 2, 49]",0.0,0.0
M8 LBP,hellinger,00024.jpg,[262],75,"[75, 49, 24, 45, 189]",0.0,0.0
M8 LBP,hellinger,00025.jpg,[38],229,"[229, 2, 141, 208, 159]",0.0,0.0
M8 LBP,hellinger,00026.jpg,[238],268,"[268, 209, 2, 159, 141]",0.0,0.0
M8 LBP,hellinger,00027.jpg,[67],2,"[2, 268, 141, 229, 209]",0.0,0.0
M8 LBP,hellinger,00028.jpg,[86],139,"[139, 226, 86, 284, 19]",0.0,0.3333333333333333
M8 LBP,hellinger,00029.jpg,[133],133,"[133, 212, 281, 145, 76]",1.0,1.0
M8 LBP,cosine,00000.jpg,[120],120,"[120, 233, 282, 39, 174]",1.0,1.0
M8 LBP,cosine,00001.jpg,[170],123,"[123, 260, 196, 244, 113]",0.0,0.0
M8 LBP,cosine,00002.jpg,[277],229,"[229, 38, 269, 45, 141]",0.0,0.0
M8 LBP,cosine,00003.jpg,[227],227,"[227, 39, 48, 174, 233]",1.0,1.0
M8 LBP,cosine,00004.jpg,[251],49,"[49, 184, 89, 279, 24]",0.0,0.0
M8 LBP,cosine,00005.jpg,[274],14,"[14, 263, 22, 284, 4]",0.0,0.0
M8 LBP,cosine,00006.jpg,[285],229,"[229, 141, 38, 56, 45]",0.0,0.0
M8 LBP,cosine,00007.jpg,[258],141,"[141, 159, 56, 229, 2]",0.0,0.0
M8 LBP,cosine,00008.jpg,[117],45,"[45, 172, 75, 38, 24]",0.0,0.0
M8 LBP,cosine,00009.jpg,[203],211,"[211, 281, 280, 208, 144]",0.0,0.0
M8 LBP,cosine,00010.jpg,[192],192,"[192, 115, 13, 215, 51]",1.0,1.0
M8 LBP,cosine,00011.jpg,[22],157,"[157, 14, 145, 85, 73]",0.0,0.0
M8 LBP,cosine,00012.jpg,[113],278,"[278, 170, 90, 43, 252]",0.0,0.0
M8 LBP,cosine,00013.jpg,[101],229,"[229, 141, 178, 45, 38]",0.0,0.0
M8 LBP,cosine,00014.jpg,[174],255,"[255, 227, 127, 142, 275]",0.0,0.0
M8 LBP,cosine,00015.jpg,[155],139,"[139, 8, 22, 50, 223]",0.0,0.0
M8 LBP,cosine,00016.jpg,[270],24,"[24, 75, 269, 229, 45]",0.0,0.0
M8 LBP,cosine,00017.jpg,[47],2,"[2, 159, 229, 141, 268]",0.0,0.0
M8 LBP,cosine,00018.jpg,[286],116,"[116, 205, 31, 63, 132]",0.0,0.0
M8 LBP,cosine,00019.jpg,[215],215,"[215, 57, 51, 192, 69]",1.0,1.0
M8 LBP,cosine,00020.jpg,[262],49,"[49, 97, 41, 128, 89]",0.0,0.0
M8 LBP,cosine,00021.jpg,[245],2,"[2, 268, 209, 245, 159]",0.0,0.25
M8 LBP,cosine,00022.jpg,[257],236,"[236, 75, 189, 47, 45]",0.0,0.0
M8 LBP,cosine,00023.jpg,[182],189,"[189, 269, 236, 75, 182]",0.0,0.2
M8 LBP,cosine,00024.jpg,[262],75,"[75, 49, 45, 189, 24]",0.0,0.0
M8 LBP,cosine,00025.jpg,[38],229,"[229, 141, 2, 159, 56]",0.0,0.0
M8 LBP,cosine,00026.jpg,[238],1,"[1, 268, 209, 159, 56]",0.0,0.0
M8 LBP,cosine,00027.jpg,[67],159,"[159, 141, 268, 2, 209]",0.0,0.0
M8 LBP,cosine,00028.jpg,[86],139,"[139, 17, 86, 33, 171]",0.0,0.3333333333333333
M8 LBP,cosine,00029.jpg,[133],133,"[133, 145, 76, 97, 281]",1.0,1.0
M8 LBP,correlation,00000.jpg,[120],120,"[120, 282, 39, 233, 48]",1.0,1.0
M8 LBP,correlation,00001.jpg,[170],123,"[123, 260, 196, 244, 113]",0.0,0.0
M8 LBP,correlation,00002.jpg,[277],229,"[229, 45, 38, 141, 269]",0.0,0.0
M8 LBP,correlation,00003.jpg,[227],227,"[227, 39, 48, 174, 233]",1.0,1.0
M8 LBP,correlation,00004.jpg,[251],49,"[49, 184, 89, 24, 75]",0.0,0.0
M8 LBP,correlation,00005.jpg,[274],14,"[14, 263, 22, 284, 4]",0.0,0.0
M8 LBP,correlation,00006.jpg,[285],229,"[229, 141, 38, 45, 56]",0.0,0.0
M8 LBP,correlation,00007.jpg,[258],141,"[141, 159, 56, 229, 268]",0.0,0.0
M8 LBP,correlation,00008.jpg,[117],45,"[45, 172, 75, 38, 24]",0.0,0.0
M8 LBP,correlation,00009.jpg,[203],211,"[211, 281, 280, 208, 144]",0.0,0.0
M8 LBP,correlation,00010.jpg,[192],192,"[192, 115, 13, 275, 215]",1.0,1.0
M8 LBP,correlation,00011.jpg,[22],157,"[157, 14, 145, 85, 73]",0.0,0.0
M8 LBP,correlation,00012.jpg,[113],278,"[278, 170, 90, 43, 252]",0.0,0.0
M8 LBP,correlation,00013.jpg,[101],229,"[229, 45, 141, 38, 178]",0.0,0.0
M8 LBP,correlation,00014.jpg,[174],255,"[255, 227, 127, 142, 138]",0.0,0.0
M8 LBP,correlation,00015.jpg,[155],139,"[139, 8, 22, 50, 263]",0.0,0.0
M8 LBP,correlation,00016.jpg,[270],24,"[24, 75, 269, 45, 229]",0.0,0.0
M8 LBP,correlation,00017.jpg,[47],2,"[2, 229, 159, 141, 268]",0.0,0.0
M8 LBP,correlation,00018.jpg,[286],116,"[116, 205, 31, 63, 132]",0.0,0.0
M8 LBP,correlation,00019.jpg,[215],215,"[215, 57, 51, 69, 192]",1.0,1.0
M8 LBP,correlation,00020.jpg,[262],49,"[49, 75, 97, 41, 128]",0.0,0.0
M8 LBP,correlation,00021.jpg,[245],2,"[2, 268, 209, 245, 159]",0.0,0.25
M8 LBP,correlation,00022.jpg,[257],236,"[236, 75, 189, 47, 45]",0.0,0.0
M8 LBP,correlation,00023.jpg,[182],189,"[189, 269, 236, 75, 182]",0.0,0.2
M8 LBP,correlation,00024.jpg,[262],75,"[75, 49, 45, 189, 24]",0.0,0.0
M8 LBP,correlation,00025.jpg,[38],229,"[229, 141, 2, 159, 56]",0.0,0.0
M8 LBP,correlation,00026.jpg,[238],268,"[268, 1, 209, 56, 159]",0.0,0.0
M8 LBP,correlation,00027.jpg,[67],141,"[141, 159, 268, 2, 229]",0.0,0.0
M8 LBP,correlation,00028.jpg,[86],139,"[139, 17, 86, 33, 226]",0.0,0.3333333333333333
M8 LBP,correlation,00029.jpg,[133],133,"[133, 145, 76, 97, 281]",1.0,1.0
M8 LBP,jensen_shannon,00000.jpg,[120],120,"[120, 282, 233, 174, 39]",1.0,1.0
M8 LBP,jensen_shannon,00001.jpg,[170],123,"[123, 260, 244, 154, 84]",0.0,0.0
M8 LBP,jensen_shannon,00002.jpg,[277],229,"[229, 141, 2, 208, 75]",0.0,0.0
M8 LBP,jensen_shannon,00003.jpg,[227],227,"[227, 39, 105, 239, 233]",1.0,1.0
M8 LBP,jensen_shannon,00004.jpg,[251],49,"[49, 243, 157, 75, 97]",0.0,0.0
M8 LBP,jensen_shannon,00005.jpg,[274],14,"[14, 142, 263, 97, 139]",0.0,0.0
M8 LBP,jensen_shannon,00006.jpg,[285],229,"[229, 141, 208, 56, 2]",0.0,0.0
M8 LBP,jensen_shannon,00007.jpg,[258],141,"[141, 229, 159, 2, 56]",0.0,0.0
M8 LBP,jensen_shannon,00008.jpg,[117],208,"[208, 49, 204, 280, 211]",0.0,0.0
M8 LBP,jensen_shannon,00009.jpg,[203],281,"[281, 211, 208, 49, 280]",0.0,0.0
M8 LBP,jensen_shannon,00010.jpg,[192],192,"[192, 225, 215, 51, 57]",1.0,1.0
M8 LBP,jensen_shannon,00011.jpg,[22],145,"[145, 157, 14, 85, 97]",0.0,0.0
M8 LBP,jensen_shannon,00012.jpg,[113],259,"[259, 170, 70, 113, 278]",0.0,0.25
M8 LBP,jensen_shannon,00013.jpg,[101],24,"[24, 229, 75, 2, 141]",0.0,0.0
M8 LBP,jensen_shannon,00014.jpg,[174],227,"[227, 127, 255, 105, 235]",0.0,0.0
M8 LBP,jensen_shannon,00015.jpg,[155],139,"[139, 4, 22, 263, 8]",0.0,0.0
M8 LBP,jensen_shannon,00016.jpg,[270],208,"[208, 2, 269, 204, 24]",0.0,0.0
M8 LBP,jensen_shannon,00017.jpg,[47],2,"[2, 268, 229, 141, 209]",0.0,0.0
M8 LBP,jensen_shannon,00018.jpg,[286],116,"[116, 84, 135, 63, 31]",0.0,0.0
M8 LBP,jensen_shannon,00019.jpg,[215],215,"[215, 51, 57, 69, 259]",1.0,1.0
M8 LBP,jensen_shannon,00020.jpg,[262],49,"[49, 97, 246, 75, 212]",0.0,0.0
M8 LBP,jensen_shannon,00021.jpg,[245],2,"[2, 268, 209, 141, 229]",0.0,0.0
M8 LBP,jensen_shannon,00022.jpg,[257],75,"[75, 279, 49, 236, 189]",0.0,0.0
M8 LBP,jensen_shannon,00023.jpg,[182],208,"[208, 229, 141, 2, 49]",0.0,0.0
M8 LBP,jensen_shannon,00024.jpg,[262],75,"[75, 49, 24, 45, 189]",0.0,0.0
M8 LBP,jensen_shannon,00025.jpg,[38],229,"[229, 2, 141, 208, 159]",0.0,0.0
M8 LBP,jensen_shannon,00026.jpg,[238],268,"[268, 209, 2, 159, 141]",0.0,0.0
M8 LBP,jensen_shannon,00027.jpg,[67],2,"[2, 268, 141, 229, 209]",0.0,0.0
M8 LBP,jensen_shannon,00028.jpg,[86],139,"[139, 226, 86, 284, 19]",0.0,0.3333333333333333
M8 LBP,jensen_shannon,00029.jpg,[133],133,"[133, 212, 281, 145, 76]",1.0,1.0
M8 LBP,emd,00000.jpg,[120],233,"[233, 202, 107, 199, 282]",0.0,0.0
M8 LBP,emd,00001.jpg,[170],126,"[126, 123, 31, 260, 276]",0.0,0.0
M8 LBP,emd,00002.jpg,[277],45,"[45, 207, 118, 229, 75]",0.0,0.0
M8 LBP,emd,00003.jpg,[227],12,"[12, 3, 225, 48, 39]",0.0,0.0
M8 LBP,emd,00004.jpg,[251],279,"[279, 173, 210, 41, 246]",0.0,0.0
M8 LBP,emd,00005.jpg,[274],8,"[8, 73, 50, 263, 272]",0.0,0.0
M8 LBP,emd,00006.jpg,[285],159,"[159, 56, 52, 236, 178]",0.0,0.0
M8 LBP,emd,00007.jpg,[258],2,"[2, 269, 175, 245, 36]",0.0,0.0
M8 LBP,emd,00008.jpg,[117],208,"[208, 270, 30, 38, 49]",0.0,0.0
M8 LBP,emd,00009.jpg,[203],280,"[280, 177, 188, 211, 285]",0.0,0.0
M8 LBP,emd,00010.jpg,[192],13,"[13, 115, 83, 235, 282]",0.0,0.0
M8 LBP,emd,00011.jpg,[22],246,"[246, 22, 14, 272, 279]",0.0,0.5
M8 LBP,emd,00012.jpg,[113],278,"[278, 9, 261, 142, 59]",0.0,0.0
M8 LBP,emd,00013.jpg,[101],75,"[75, 24, 207, 45, 258]",0.0,0.0
M8 LBP,emd,00014.jpg,[174],235,"[235, 255, 261, 50, 186]",0.0,0.0
M8 LBP,emd,00015.jpg,[155],277,"[277, 128, 22, 139, 284]",0.0,0.0
M8 LBP,emd,00016.jpg,[270],236,"[236, 178, 269, 36, 52]",0.0,0.0
M8 LBP,emd,00017.jpg,[47],2,"[2, 269, 175, 236, 245]",0.0,0.0
M8 LBP,emd,00018.jpg,[286],113,"[113, 123, 276, 260, 64]",0.0,0.0
M8 LBP,emd,00019.jpg,[215],57,"[57, 215, 58, 69, 259]",0.0,0.5
M8 LBP,emd,00020.jpg,[262],172,"[172, 184, 89, 247, 280]",0.0,0.0
M8 LBP,emd,00021.jpg,[245],2,"[2, 269, 175, 236, 268]",0.0,0.0
M8 LBP,emd,00022.jpg,[257],118,"[118, 47, 207, 75, 134]",0.0,0.0
M8 LBP,emd,00023.jpg,[182],159,"[159, 56, 245, 36, 141]",0.0,0.0
M8 LBP,emd,00024.jpg,[262],49,"[49, 100, 15, 47, 45]",0.0,0.0
M8 LBP,emd,00025.jpg,[38],36,"[36, 159, 236, 178, 56]",0.0,0.0
M8 LBP,emd,00026.jpg,[238],209,"[209, 268, 2, 269, 175]",0.0,0.0
M8 LBP,emd,00027.jpg,[67],2,"[2, 269, 175, 245, 236]",0.0,0.0
M8 LBP,emd,00028.jpg,[86],91,"[91, 158, 206, 139, 71]",0.0,0.0
M8 LBP,emd,00029.jpg,[133],133,"[133, 145, 228, 170, 142]",1.0,1.0
